真实标签,预测标签,预测正确,无毒概率,有毒概率,真实类别,预测类别
1,0,False,0.7310782437024337,0.2689217562975655,有毒,无毒
1,0,False,0.9065292711090365,0.09347072889096296,有毒,无毒
1,1,True,0.08211223336466172,0.917887766635338,有毒,有毒
1,1,True,0.45580418667277844,0.5441958133272213,有毒,有毒
1,1,True,0.019311857574215323,0.9806881424257845,有毒,有毒
1,1,True,0.02865908846241393,0.971340911537586,有毒,有毒
1,1,True,0.41035168711336145,0.5896483128866383,有毒,有毒
1,1,True,0.1796910639337404,0.8203089360662594,有毒,有毒
1,1,True,0.08203666633359441,0.9179633336664051,有毒,有毒
1,1,True,0.3334026152115737,0.6665973847884261,有毒,有毒
1,1,True,0.030958065786039782,0.96904193421396,有毒,有毒
1,0,False,0.5822910173037993,0.4177089826962005,有毒,无毒
1,1,True,0.22637917629756893,0.7736208237024313,有毒,有毒
1,0,False,0.6788019756342059,0.32119802436579403,有毒,无毒
1,0,False,0.586271803780916,0.4137281962190837,有毒,无毒
1,1,True,0.30204989580818403,0.6979501041918161,有毒,有毒
1,1,True,0.03528769815189939,0.9647123018481003,有毒,有毒
1,0,False,0.776638085244373,0.22336191475562653,有毒,无毒
1,1,True,0.3194575998003309,0.6805424001996693,有毒,有毒
1,1,True,0.022661781581164456,0.9773382184188355,有毒,有毒
1,0,False,0.7576234524763744,0.24237654752362472,有毒,无毒
1,1,True,0.07775338340990295,0.9222466165900972,有毒,有毒
1,0,False,0.8589289830091448,0.1410710169908545,有毒,无毒
1,0,False,0.5557613722696017,0.44423862773039813,有毒,无毒
1,1,True,0.02623439632478656,0.9737656036752135,有毒,有毒
1,1,True,0.036600095527381256,0.9633999044726186,有毒,有毒
1,1,True,0.09336372594326463,0.9066362740567351,有毒,有毒
1,0,False,0.7904249101647067,0.20957508983529288,有毒,无毒
1,1,True,0.06157483136319906,0.9384251686368006,有毒,有毒
1,0,False,0.6190775437180357,0.38092245628196436,有毒,无毒
1,1,True,0.05583662999170882,0.944163370008291,有毒,有毒
1,0,False,0.794876998546316,0.20512300145368328,有毒,无毒
1,1,True,0.049219778125453056,0.9507802218745469,有毒,有毒
1,0,False,0.7510128823774374,0.248987117622562,有毒,无毒
1,1,True,0.060557969846671354,0.9394420301533285,有毒,有毒
1,1,True,0.09007574399484644,0.9099242560051534,有毒,有毒
1,1,True,0.11146189407975479,0.8885381059202452,有毒,有毒
1,0,False,0.7609116165891487,0.23908838341085065,有毒,无毒
1,1,True,0.34294375807043925,0.6570562419295605,有毒,有毒
1,1,True,0.04201295273342028,0.9579870472665797,有毒,有毒
1,0,False,0.6129974155404466,0.3870025844595533,有毒,无毒
1,1,True,0.1643176744422548,0.8356823255577451,有毒,有毒
1,0,False,0.5561184722207845,0.44388152777921536,有毒,无毒
1,1,True,0.029584405751419032,0.9704155942485809,有毒,有毒
1,1,True,0.0508339385217506,0.9491660614782491,有毒,有毒
1,1,True,0.05521085487320429,0.9447891451267957,有毒,有毒
1,1,True,0.1778301828030233,0.8221698171969767,有毒,有毒
1,1,True,0.21041618320053782,0.7895838167994621,有毒,有毒
1,1,True,0.046587072151229876,0.9534129278487697,有毒,有毒
1,0,False,0.6757842315209599,0.3242157684790397,有毒,无毒
1,0,False,0.5394411393442765,0.46055886065572305,有毒,无毒
1,1,True,0.06680698774272781,0.933193012257272,有毒,有毒
1,1,True,0.10301338924825858,0.8969866107517411,有毒,有毒
1,1,True,0.39455487746835444,0.6054451225316452,有毒,有毒
1,1,True,0.37526575250544864,0.6247342474945511,有毒,有毒
1,1,True,0.24917113231693466,0.7508288676830653,有毒,有毒
1,1,True,0.034699160063636963,0.965300839936363,有毒,有毒
1,1,True,0.03960971883873355,0.9603902811612663,有毒,有毒
1,1,True,0.21499584218221504,0.7850041578177848,有毒,有毒
1,1,True,0.022625438024937338,0.9773745619750627,有毒,有毒
1,1,True,0.04450580139689687,0.9554941986031029,有毒,有毒
1,1,True,0.2437732694245235,0.7562267305754762,有毒,有毒
1,1,True,0.4266112521668273,0.5733887478331728,有毒,有毒
1,1,True,0.024339268818177842,0.9756607311818222,有毒,有毒
1,1,True,0.3949473145417751,0.6050526854582247,有毒,有毒
1,1,True,0.0475047063700653,0.9524952936299345,有毒,有毒
1,1,True,0.06340610827093125,0.9365938917290686,有毒,有毒
1,1,True,0.08199730236558372,0.9180026976344163,有毒,有毒
1,1,True,0.06011280063171856,0.9398871993682814,有毒,有毒
1,1,True,0.06326690783515092,0.9367330921648488,有毒,有毒
1,1,True,0.052321396825768744,0.947678603174231,有毒,有毒
1,1,True,0.07778729348298935,0.9222127065170105,有毒,有毒
1,0,False,0.5255262885505739,0.4744737114494256,有毒,无毒
1,1,True,0.04918171954363695,0.9508182804563632,有毒,有毒
1,0,False,0.53769057010377,0.4623094298962296,有毒,无毒
1,0,False,0.5079772431334734,0.49202275686652647,有毒,无毒
1,1,True,0.15995428301404502,0.8400457169859549,有毒,有毒
1,1,True,0.04701932204321751,0.9529806779567821,有毒,有毒
1,1,True,0.036885892927923,0.9631141070720769,有毒,有毒
1,1,True,0.08083292668542141,0.9191670733145786,有毒,有毒
1,0,False,0.7873521709719601,0.21264782902803958,有毒,无毒
1,1,True,0.423130529486111,0.5768694705138888,有毒,有毒
1,1,True,0.06445841258583966,0.9355415874141603,有毒,有毒
1,1,True,0.09887447291296558,0.9011255270870346,有毒,有毒
1,1,True,0.06441362746546558,0.9355863725345342,有毒,有毒
1,1,True,0.029144605847304304,0.9708553941526951,有毒,有毒
1,1,True,0.04127410325358204,0.9587258967464181,有毒,有毒
1,1,True,0.03854384425836836,0.9614561557416316,有毒,有毒
1,1,True,0.028037994564052333,0.9719620054359471,有毒,有毒
1,1,True,0.0647538104016596,0.9352461895983402,有毒,有毒
1,1,True,0.022063215457148577,0.9779367845428514,有毒,有毒
1,1,True,0.024292830053682164,0.9757071699463176,有毒,有毒
1,1,True,0.0478879358028387,0.9521120641971611,有毒,有毒
1,1,True,0.3154666072472309,0.6845333927527694,有毒,有毒
1,1,True,0.2018127969471135,0.7981872030528865,有毒,有毒
1,1,True,0.0423303277618058,0.9576696722381941,有毒,有毒
1,1,True,0.029778063767515142,0.9702219362324846,有毒,有毒
1,1,True,0.43720648813742335,0.5627935118625768,有毒,有毒
1,1,True,0.03222801706957026,0.9677719829304295,有毒,有毒
1,1,True,0.1800266957993773,0.8199733042006225,有毒,有毒
1,1,True,0.3488710233465126,0.6511289766534873,有毒,有毒
1,1,True,0.1293360866695611,0.8706639133304388,有毒,有毒
1,0,False,0.6047223763986451,0.3952776236013547,有毒,无毒
1,0,False,0.6638437967016674,0.3361562032983327,有毒,无毒
1,1,True,0.05495520493998293,0.9450447950600172,有毒,有毒
1,1,True,0.06726156017088084,0.932738439829119,有毒,有毒
1,1,True,0.043628938300035267,0.9563710616999649,有毒,有毒
1,1,True,0.04930104058665021,0.9506989594133496,有毒,有毒
1,1,True,0.1864094022226317,0.8135905977773681,有毒,有毒
1,1,True,0.037331608166605475,0.9626683918333941,有毒,有毒
1,1,True,0.05380794199925971,0.94619205800074,有毒,有毒
1,1,True,0.037215555405934124,0.9627844445940659,有毒,有毒
1,0,False,0.6925643474126568,0.30743565258734257,有毒,无毒
1,1,True,0.06204307095658402,0.9379569290434159,有毒,有毒
1,1,True,0.11853361698083488,0.8814663830191651,有毒,有毒
1,1,True,0.05658294765959846,0.9434170523404016,有毒,有毒
1,0,False,0.6733211979539765,0.32667880204602295,有毒,无毒
1,1,True,0.03539136843510056,0.9646086315648995,有毒,有毒
1,1,True,0.024905617321622605,0.9750943826783776,有毒,有毒
1,1,True,0.045858382475830205,0.9541416175241696,有毒,有毒
1,0,False,0.8123150327574769,0.18768496724252312,有毒,无毒
1,1,True,0.11690250140034539,0.8830974985996547,有毒,有毒
1,1,True,0.07974403651233619,0.9202559634876637,有毒,有毒
1,1,True,0.32379692983188413,0.676203070168116,有毒,有毒
1,1,True,0.02915657423836961,0.9708434257616303,有毒,有毒
1,1,True,0.08564938251946859,0.9143506174805315,有毒,有毒
1,1,True,0.1820599124091187,0.8179400875908813,有毒,有毒
1,1,True,0.38467631804209435,0.6153236819579054,有毒,有毒
1,1,True,0.26118373539863443,0.7388162646013653,有毒,有毒
1,1,True,0.08245248504119417,0.9175475149588059,有毒,有毒
1,0,False,0.769421745554709,0.23057825444529115,有毒,无毒
1,1,True,0.022790832805526885,0.9772091671944731,有毒,有毒
1,0,False,0.8345831489669026,0.16541685103309703,有毒,无毒
1,1,True,0.044155288165392,0.955844711834608,有毒,有毒
1,1,True,0.027771102986697282,0.9722288970133026,有毒,有毒
1,1,True,0.29547155209594167,0.7045284479040581,有毒,有毒
1,0,False,0.8474465469698735,0.15255345303012588,有毒,无毒
1,1,True,0.325689962066469,0.6743100379335312,有毒,有毒
1,1,True,0.02353854944320911,0.9764614505567909,有毒,有毒
1,1,True,0.0998315900143886,0.9001684099856113,有毒,有毒
1,0,False,0.5469013799067802,0.45309862009321955,有毒,无毒
1,1,True,0.04350956512915138,0.9564904348708485,有毒,有毒
1,1,True,0.023632262282784207,0.9763677377172155,有毒,有毒
1,0,False,0.6217888460252394,0.37821115397475985,有毒,无毒
1,1,True,0.059746035993615054,0.9402539640063848,有毒,有毒
1,1,True,0.05085610011093,0.9491438998890698,有毒,有毒
1,1,True,0.1897061995719639,0.810293800428036,有毒,有毒
1,1,True,0.11557315131083822,0.8844268486891618,有毒,有毒
1,1,True,0.077335940056328,0.9226640599436717,有毒,有毒
1,1,True,0.256456125325034,0.7435438746749661,有毒,有毒
1,1,True,0.1525364876766567,0.8474635123233435,有毒,有毒
1,1,True,0.036712239863441194,0.9632877601365587,有毒,有毒
1,1,True,0.15824391376477498,0.8417560862352249,有毒,有毒
1,1,True,0.29268235289460226,0.7073176471053975,有毒,有毒
1,1,True,0.38816959603079626,0.6118304039692039,有毒,有毒
1,1,True,0.09664511666570318,0.9033548833342967,有毒,有毒
1,1,True,0.2006044975792259,0.7993955024207742,有毒,有毒
1,1,True,0.31624983338903195,0.6837501666109682,有毒,有毒
1,1,True,0.3753550375445988,0.6246449624554012,有毒,有毒
1,0,False,0.7578633398899653,0.24213666011003376,有毒,无毒
1,1,True,0.03645133895956804,0.9635486610404317,有毒,有毒
1,1,True,0.04382785706366428,0.9561721429363352,有毒,有毒
1,1,True,0.04879658251544538,0.9512034174845547,有毒,有毒
1,1,True,0.21632869310025044,0.7836713068997493,有毒,有毒
1,0,False,0.7143173760840433,0.2856826239159565,有毒,无毒
1,1,True,0.05204820408955186,0.947951795910448,有毒,有毒
1,1,True,0.45470622252749876,0.5452937774725012,有毒,有毒
1,1,True,0.17930617945671712,0.820693820543283,有毒,有毒
1,1,True,0.04364789691917162,0.9563521030808282,有毒,有毒
1,1,True,0.3643450770288949,0.635654922971105,有毒,有毒
1,1,True,0.023817799279693536,0.9761822007203064,有毒,有毒
1,1,True,0.031053103858234957,0.9689468961417647,有毒,有毒
1,1,True,0.04521456257480324,0.9547854374251965,有毒,有毒
1,1,True,0.048083946542115646,0.9519160534578844,有毒,有毒
1,1,True,0.11253342016592734,0.8874665798340727,有毒,有毒
1,0,False,0.65697764217227,0.34302235782772966,有毒,无毒
1,1,True,0.22668061459771113,0.7733193854022886,有毒,有毒
1,1,True,0.07729456834897841,0.9227054316510214,有毒,有毒
1,0,False,0.8021685545492638,0.19783144545073555,有毒,无毒
1,1,True,0.029296482049506058,0.9707035179504939,有毒,有毒
1,1,True,0.43238270889708064,0.5676172911029195,有毒,有毒
1,1,True,0.16346043438571534,0.8365395656142848,有毒,有毒
1,0,False,0.5141784388628704,0.4858215611371296,有毒,无毒
1,1,True,0.019713899267409622,0.9802861007325901,有毒,有毒
1,1,True,0.0323677906412992,0.9676322093587004,有毒,有毒
1,1,True,0.06218765439593536,0.9378123456040645,有毒,有毒
1,1,True,0.05359011710094373,0.9464098828990563,有毒,有毒
1,1,True,0.0336951722087221,0.9663048277912778,有毒,有毒
1,1,True,0.29177137677306164,0.7082286232269381,有毒,有毒
1,1,True,0.33217320417191437,0.6678267958280855,有毒,有毒
1,1,True,0.028628720438104775,0.9713712795618953,有毒,有毒
1,1,True,0.029315467818277496,0.9706845321817223,有毒,有毒
1,1,True,0.47880977080807896,0.5211902291919209,有毒,有毒
1,1,True,0.10564910826260927,0.8943508917373906,有毒,有毒
1,0,False,0.7549127307399851,0.24508726926001426,有毒,无毒
1,1,True,0.07584138310088723,0.9241586168991128,有毒,有毒
1,1,True,0.028297415258271643,0.9717025847417284,有毒,有毒
1,1,True,0.05794914671117396,0.9420508532888257,有毒,有毒
1,1,True,0.418889663114456,0.5811103368855438,有毒,有毒
1,1,True,0.17073621902163044,0.8292637809783698,有毒,有毒
1,1,True,0.049521125577131814,0.9504788744228679,有毒,有毒
1,1,True,0.12378897879325722,0.8762110212067428,有毒,有毒
1,1,True,0.029509431037357592,0.9704905689626423,有毒,有毒
1,1,True,0.021386321646907177,0.9786136783530927,有毒,有毒
1,1,True,0.03394841311063178,0.9660515868893679,有毒,有毒
1,1,True,0.03633892608029598,0.963661073919704,有毒,有毒
1,1,True,0.026853213103351002,0.9731467868966489,有毒,有毒
1,1,True,0.044601831833270475,0.9553981681667294,有毒,有毒
1,0,False,0.8513021527263234,0.14869784727367633,有毒,无毒
1,1,True,0.030634395160234237,0.9693656048397653,有毒,有毒
1,1,True,0.11512481676809724,0.8848751832319028,有毒,有毒
1,1,True,0.13501085527093906,0.8649891447290606,有毒,有毒
1,1,True,0.1609714424842764,0.8390285575157235,有毒,有毒
1,1,True,0.028510833256357324,0.9714891667436426,有毒,有毒
1,1,True,0.08176910422658822,0.9182308957734117,有毒,有毒
1,1,True,0.18967948243412078,0.8103205175658791,有毒,有毒
1,1,True,0.11666205575494448,0.8833379442450553,有毒,有毒
1,1,True,0.3334163429540087,0.6665836570459913,有毒,有毒
1,1,True,0.027045344765962855,0.972954655234037,有毒,有毒
1,1,True,0.04333575969067389,0.9566642403093261,有毒,有毒
1,0,False,0.7700944966620511,0.22990550333794812,有毒,无毒
1,0,False,0.6644831493461237,0.33551685065387604,有毒,无毒
1,1,True,0.40418931495567983,0.5958106850443204,有毒,有毒
1,1,True,0.03411148972299963,0.9658885102770002,有毒,有毒
1,1,True,0.12034245416715743,0.8796575458328425,有毒,有毒
1,1,True,0.12837413575820875,0.8716258642417913,有毒,有毒
1,1,True,0.04874001587716463,0.9512599841228351,有毒,有毒
1,1,True,0.06133986364901517,0.938660136350985,有毒,有毒
1,1,True,0.4230040469100493,0.5769959530899507,有毒,有毒
1,1,True,0.4300278019642022,0.569972198035798,有毒,有毒
1,0,False,0.5892347840278392,0.4107652159721604,有毒,无毒
1,1,True,0.07870179378156761,0.9212982062184321,有毒,有毒
1,1,True,0.38699008943341257,0.6130099105665873,有毒,有毒
1,0,False,0.7790521094379161,0.22094789056208278,有毒,无毒
1,0,False,0.5598567528623544,0.44014324713764535,有毒,无毒
1,1,True,0.029883771191885185,0.9701162288081148,有毒,有毒
1,1,True,0.10530885404030955,0.8946911459596901,有毒,有毒
1,0,False,0.7464426105281474,0.2535573894718522,有毒,无毒
1,0,False,0.8648150248895371,0.13518497511046276,有毒,无毒
1,1,True,0.11662118424590555,0.8833788157540945,有毒,有毒
1,1,True,0.20013312502420505,0.799866874975795,有毒,有毒
1,1,True,0.22428084773485346,0.7757191522651464,有毒,有毒
1,0,False,0.7382675705931345,0.26173242940686464,有毒,无毒
1,1,True,0.11163595289710906,0.8883640471028912,有毒,有毒
1,1,True,0.1460936863143092,0.8539063136856906,有毒,有毒
1,1,True,0.4191476905852562,0.5808523094147439,有毒,有毒
1,1,True,0.45753907241496267,0.542460927585037,有毒,有毒
1,1,True,0.050040869504803166,0.9499591304951965,有毒,有毒
1,1,True,0.14480474189045936,0.8551952581095407,有毒,有毒
1,1,True,0.031556165021146755,0.968443834978853,有毒,有毒
1,1,True,0.04170096843029104,0.958299031569709,有毒,有毒
1,0,False,0.7820652193415881,0.2179347806584111,有毒,无毒
1,0,False,0.6420308657110226,0.3579691342889773,有毒,无毒
1,1,True,0.03068468536118494,0.9693153146388152,有毒,有毒
1,0,False,0.87782777684419,0.12217222315580951,有毒,无毒
1,1,True,0.04789420424349621,0.9521057957565037,有毒,有毒
1,1,True,0.06457408725256722,0.9354259127474331,有毒,有毒
1,1,True,0.04592189755257706,0.9540781024474226,有毒,有毒
1,1,True,0.1834290607802488,0.8165709392197509,有毒,有毒
1,1,True,0.0356398988678779,0.9643601011321219,有毒,有毒
1,1,True,0.07426268685679549,0.9257373131432044,有毒,有毒
1,1,True,0.03179214748153226,0.9682078525184679,有毒,有毒
1,0,False,0.5387447744678685,0.46125522553213116,有毒,无毒
1,1,True,0.11992436215495131,0.8800756378450487,有毒,有毒
1,1,True,0.047899440228280306,0.9521005597717198,有毒,有毒
1,1,True,0.05037577050562846,0.9496242294943714,有毒,有毒
1,1,True,0.022668434447129293,0.9773315655528702,有毒,有毒
1,1,True,0.29935239432395055,0.7006476056760497,有毒,有毒
1,0,False,0.703683873908081,0.29631612609191893,有毒,无毒
1,1,True,0.0681783589110211,0.9318216410889789,有毒,有毒
1,0,False,0.7339355832468876,0.26606441675311177,有毒,无毒
1,1,True,0.45670597167860405,0.5432940283213961,有毒,有毒
1,0,False,0.8592972279758867,0.1407027720241133,有毒,无毒
1,1,True,0.24001509619446473,0.7599849038055351,有毒,有毒
1,1,True,0.04190624047880162,0.9580937595211978,有毒,有毒
1,0,False,0.8565904463345546,0.14340955366544475,有毒,无毒
1,1,True,0.03965404383258793,0.9603459561674118,有毒,有毒
1,1,True,0.24712530975139121,0.7528746902486089,有毒,有毒
1,0,False,0.7578715044026504,0.24212849559734884,有毒,无毒
1,1,True,0.036156769334324934,0.9638432306656749,有毒,有毒
1,1,True,0.09258288212712167,0.9074171178728786,有毒,有毒
1,1,True,0.3244760467732726,0.6755239532267274,有毒,有毒
1,1,True,0.2548879514435827,0.7451120485564171,有毒,有毒
1,1,True,0.06410856627728492,0.9358914337227151,有毒,有毒
1,1,True,0.03183670384645108,0.9681632961535486,有毒,有毒
1,1,True,0.11076052443840428,0.8892394755615959,有毒,有毒
1,1,True,0.3557353518352215,0.6442646481647786,有毒,有毒
1,1,True,0.03110511756278028,0.9688948824372199,有毒,有毒
1,1,True,0.09615863590593479,0.9038413640940651,有毒,有毒
1,1,True,0.033317749844546406,0.9666822501554533,有毒,有毒
1,1,True,0.05847102315604597,0.9415289768439539,有毒,有毒
1,0,False,0.7693005637105766,0.23069943628942266,有毒,无毒
1,1,True,0.43676561273711934,0.5632343872628806,有毒,有毒
1,1,True,0.2672705292864195,0.7327294707135803,有毒,有毒
1,0,False,0.7569833577378746,0.24301664226212508,有毒,无毒
1,1,True,0.4844437209598497,0.5155562790401504,有毒,有毒
1,1,True,0.15256682422268633,0.8474331757773131,有毒,有毒
1,0,False,0.8235443703083395,0.17645562969166023,有毒,无毒
1,1,True,0.028066420763822195,0.9719335792361778,有毒,有毒
1,0,False,0.7495802924632727,0.2504197075367266,有毒,无毒
1,1,True,0.49889853871253015,0.5011014612874699,有毒,有毒
1,1,True,0.052857233909620244,0.9471427660903798,有毒,有毒
1,0,False,0.7265690869806122,0.2734309130193875,有毒,无毒
1,1,True,0.038558609441850564,0.9614413905581494,有毒,有毒
1,1,True,0.2859685958912182,0.7140314041087819,有毒,有毒
1,1,True,0.03942567572091197,0.9605743242790875,有毒,有毒
1,1,True,0.12982782964851153,0.8701721703514882,有毒,有毒
1,1,True,0.0554065972099506,0.9445934027900492,有毒,有毒
1,1,True,0.027845567185639776,0.9721544328143601,有毒,有毒
1,1,True,0.06997184139625971,0.9300281586037404,有毒,有毒
1,1,True,0.07265355349654266,0.9273464465034573,有毒,有毒
1,1,True,0.0510928626228567,0.948907137377143,有毒,有毒
1,1,True,0.19399331335283468,0.8060066866471652,有毒,有毒
1,1,True,0.05088147820538711,0.9491185217946129,有毒,有毒
1,0,False,0.5054360863188807,0.49456391368111885,有毒,无毒
1,0,False,0.7754994266408254,0.22450057335917442,有毒,无毒
1,1,True,0.028879582277944432,0.9711204177220556,有毒,有毒
1,0,False,0.7464261052291268,0.25357389477087305,有毒,无毒
1,1,True,0.03780972491050637,0.9621902750894933,有毒,有毒
1,1,True,0.10746665470702797,0.8925333452929722,有毒,有毒
0,0,True,0.7948837879173887,0.20511621208261085,无毒,无毒
0,0,True,0.7230547496734429,0.27694525032655687,无毒,无毒
0,0,True,0.8695682377947047,0.13043176220529476,无毒,无毒
0,0,True,0.9814950319850401,0.018504968014959506,无毒,无毒
0,0,True,0.7301897594458908,0.26981024055410896,无毒,无毒
0,1,False,0.15937626960742052,0.8406237303925792,无毒,有毒
0,1,False,0.3792286314681905,0.6207713685318095,无毒,有毒
0,0,True,0.9780615490796636,0.02193845092033593,无毒,无毒
0,0,True,0.7330609187649137,0.26693908123508564,无毒,无毒
0,0,True,0.9383633325367604,0.061636667463239245,无毒,无毒
0,0,True,0.9038550068874345,0.09614499311256479,无毒,无毒
0,0,True,0.9432732721464745,0.05672672785352488,无毒,无毒
0,0,True,0.9921587405850396,0.007841259414959995,无毒,无毒
0,0,True,0.8293371558136046,0.17066284418639482,无毒,无毒
0,0,True,0.8053948597229613,0.19460514027703824,无毒,无毒
0,0,True,0.9715468121301797,0.02845318786982011,无毒,无毒
0,0,True,0.8053464761545313,0.19465352384546855,无毒,无毒
0,0,True,0.9824481728185819,0.017551827181417744,无毒,无毒
0,0,True,0.8842124243223785,0.11578757567762088,无毒,无毒
0,0,True,0.635720732544938,0.36427926745506156,无毒,无毒
0,0,True,0.9093387094188152,0.09066129058118408,无毒,无毒
0,0,True,0.9375207840965075,0.06247921590349192,无毒,无毒
0,0,True,0.9606687311088642,0.03933126889113542,无毒,无毒
0,0,True,0.9295000439162163,0.07049995608378329,无毒,无毒
0,0,True,0.9881278443420767,0.011872155657923029,无毒,无毒
0,0,True,0.9841792010382815,0.01582079896171822,无毒,无毒
0,0,True,0.7940153847819269,0.2059846152180725,无毒,无毒
0,0,True,0.8018092727649888,0.19819072723501094,无毒,无毒
0,0,True,0.9817055679027518,0.018294432097248025,无毒,无毒
0,0,True,0.8950369076271063,0.10496309237289352,无毒,无毒
0,0,True,0.860243265144514,0.13975673485548581,无毒,无毒
0,0,True,0.9491271543623818,0.05087284563761741,无毒,无毒
0,0,True,0.980608497306466,0.019391502693533454,无毒,无毒
0,0,True,0.9881361536284926,0.011863846371507251,无毒,无毒
0,0,True,0.8945956022221832,0.10540439777781647,无毒,无毒
0,0,True,0.5651529851411926,0.4348470148588075,无毒,无毒
0,0,True,0.7657199281166872,0.23428007188331204,无毒,无毒
0,0,True,0.8505704144353707,0.14942958556462874,无毒,无毒
0,0,True,0.9470887446124556,0.05291125538754403,无毒,无毒
0,0,True,0.8948402262139783,0.1051597737860216,无毒,无毒
0,0,True,0.992695300761545,0.007304699238454991,无毒,无毒
0,0,True,0.9754036279512028,0.024596372048796705,无毒,无毒
0,0,True,0.9697935843424993,0.030206415657500214,无毒,无毒
0,0,True,0.8653573127487474,0.13464268725125222,无毒,无毒
0,0,True,0.8642205755021867,0.13577942449781266,无毒,无毒
0,0,True,0.717721923368962,0.2822780766310375,无毒,无毒
0,0,True,0.9718481469648688,0.028151853035130854,无毒,无毒
0,0,True,0.982687428864821,0.017312571135178464,无毒,无毒
0,0,True,0.8357080847694093,0.1642919152305908,无毒,无毒
0,0,True,0.9198246361794041,0.08017536382059573,无毒,无毒
0,0,True,0.7994055324660239,0.2005944675339757,无毒,无毒
0,0,True,0.9535610819638896,0.04643891803611008,无毒,无毒
0,1,False,0.25499486702315804,0.7450051329768418,无毒,有毒
0,0,True,0.8957882801737861,0.10421171982621318,无毒,无毒
0,0,True,0.7827901963023401,0.2172098036976596,无毒,无毒
0,0,True,0.980798105514775,0.019201894485224805,无毒,无毒
0,1,False,0.07657267970345628,0.9234273202965436,无毒,有毒
0,0,True,0.953948962951283,0.046051037048716735,无毒,无毒
0,0,True,0.9736548423861305,0.026345157613869158,无毒,无毒
0,0,True,0.7647377245362358,0.23526227546376346,无毒,无毒
0,0,True,0.9913525488805287,0.008647451119470753,无毒,无毒
0,0,True,0.8400481695253527,0.15995183047464695,无毒,无毒
0,0,True,0.9207072020846634,0.0792927979153363,无毒,无毒
0,0,True,0.8119445801093599,0.18805541989063962,无毒,无毒
0,0,True,0.9895680498484062,0.010431950151593426,无毒,无毒
0,0,True,0.8189700649329336,0.1810299350670661,无毒,无毒
0,0,True,0.9239080678606877,0.07609193213931191,无毒,无毒
0,0,True,0.983010339544407,0.01698966045559238,无毒,无毒
0,0,True,0.9913116702088298,0.008688329791169968,无毒,无毒
0,0,True,0.647213877031367,0.35278612296863293,无毒,无毒
0,0,True,0.7932902272483092,0.20670977275169025,无毒,无毒
0,0,True,0.7670355721158023,0.23296442788419713,无毒,无毒
0,0,True,0.61554276155416,0.3844572384458398,无毒,无毒
0,0,True,0.8708724033870537,0.12912759661294623,无毒,无毒
0,0,True,0.908200981760872,0.09179901823912706,无毒,无毒
0,0,True,0.7677538431729125,0.23224615682708677,无毒,无毒
0,0,True,0.8988961628766429,0.10110383712335694,无毒,无毒
0,0,True,0.7704566210199074,0.22954337898009214,无毒,无毒
0,0,True,0.9086289846397148,0.0913710153602854,无毒,无毒
0,0,True,0.7732702925912708,0.22672970740872916,无毒,无毒
0,0,True,0.8594505337242799,0.1405494662757198,无毒,无毒
0,0,True,0.9509947718177676,0.0490052281822325,无毒,无毒
0,1,False,0.4319271312998742,0.5680728687001259,无毒,有毒
0,0,True,0.9467962479757263,0.053203752024273195,无毒,无毒
0,0,True,0.777519242712992,0.22248075728700795,无毒,无毒
0,0,True,0.8438525678647306,0.15614743213526924,无毒,无毒
0,0,True,0.944204523343307,0.0557954766566926,无毒,无毒
0,0,True,0.9855297198655765,0.014470280134423124,无毒,无毒
0,0,True,0.5475336474235799,0.45246635257642,无毒,无毒
0,0,True,0.9896069038134763,0.010393096186523532,无毒,无毒
0,0,True,0.5724855380689413,0.4275144619310584,无毒,无毒
0,0,True,0.8173573715589808,0.18264262844101872,无毒,无毒
0,0,True,0.8198122255239348,0.18018777447606496,无毒,无毒
0,0,True,0.7943140234354601,0.20568597656453974,无毒,无毒
0,0,True,0.7519024163927318,0.24809758360726794,无毒,无毒
0,0,True,0.6685205368312482,0.33147946316875143,无毒,无毒
0,0,True,0.7961890051082308,0.2038109948917687,无毒,无毒
0,0,True,0.9765778712277985,0.023422128772201057,无毒,无毒
0,0,True,0.9268478781093252,0.07315212189067447,无毒,无毒
0,0,True,0.7369404410322988,0.2630595589677001,无毒,无毒
0,0,True,0.9733447983703915,0.026655201629608306,无毒,无毒
0,0,True,0.8581013778005017,0.14189862219949792,无毒,无毒
0,0,True,0.8172470538316218,0.18275294616837778,无毒,无毒
0,0,True,0.974521205568374,0.02547879443162545,无毒,无毒
0,0,True,0.578902259496585,0.42109774050341464,无毒,无毒
0,0,True,0.9075620648414617,0.09243793515853768,无毒,无毒
0,0,True,0.9029360771410642,0.09706392285893557,无毒,无毒
0,0,True,0.9337777501459361,0.06622224985406346,无毒,无毒
0,0,True,0.9639079522833882,0.036092047716611037,无毒,无毒
0,0,True,0.9108631895221051,0.08913681047789478,无毒,无毒
0,0,True,0.9890604843143354,0.010939515685664392,无毒,无毒
0,0,True,0.9694178334667424,0.030582166533257116,无毒,无毒
0,0,True,0.9718922738522968,0.02810772614770276,无毒,无毒
0,0,True,0.950166971818492,0.04983302818150761,无毒,无毒
0,0,True,0.7697166902348422,0.23028330976515693,无毒,无毒
0,0,True,0.8102515708840025,0.18974842911599693,无毒,无毒
0,1,False,0.3272940235437581,0.6727059764562421,无毒,有毒
0,0,True,0.9809297399742207,0.01907026002577895,无毒,无毒
0,0,True,0.9777179108976785,0.022282089102321597,无毒,无毒
0,0,True,0.745113447671211,0.2548865523287888,无毒,无毒
0,0,True,0.8264042866714457,0.17359571332855367,无毒,无毒
0,0,True,0.8166556507468574,0.18334434925314258,无毒,无毒
0,0,True,0.8208836158111145,0.17911638418888515,无毒,无毒
0,0,True,0.925313987277134,0.07468601272286574,无毒,无毒
0,0,True,0.9052175723756549,0.09478242762434505,无毒,无毒
0,0,True,0.9457593708126905,0.05424062918730903,无毒,无毒
0,0,True,0.9457006601894277,0.05429933981057194,无毒,无毒
0,1,False,0.035963014273335446,0.9640369857266644,无毒,有毒
0,0,True,0.796740718936832,0.20325928106316776,无毒,无毒
0,0,True,0.9750786565182836,0.024921343481716107,无毒,无毒
0,1,False,0.4764376013000461,0.5235623986999539,无毒,有毒
0,0,True,0.7807333366518702,0.21926666334812897,无毒,无毒
0,0,True,0.9860254608730052,0.013974539126994291,无毒,无毒
0,0,True,0.9816545612698802,0.018345438730119398,无毒,无毒
0,0,True,0.7682073380574959,0.23179266194250409,无毒,无毒
0,0,True,0.9631697737173333,0.03683022628266603,无毒,无毒
0,0,True,0.7504924245855449,0.2495075754144544,无毒,无毒
0,0,True,0.965953694517208,0.03404630548279167,无毒,无毒
0,1,False,0.2665066615443291,0.7334933384556708,无毒,有毒
0,1,False,0.4214817623320038,0.5785182376679964,无毒,有毒
0,0,True,0.8629090359902214,0.13709096400977802,无毒,无毒
0,0,True,0.8959009982666918,0.10409900173330787,无毒,无毒
0,0,True,0.9896158299213215,0.010384170078678567,无毒,无毒
0,0,True,0.8634392557407778,0.13656074425922235,无毒,无毒
0,0,True,0.9821625564757852,0.01783744352421426,无毒,无毒
0,0,True,0.9822281426429121,0.01777185735708755,无毒,无毒
0,0,True,0.984899198980016,0.015100801019983805,无毒,无毒
0,0,True,0.7624743943697052,0.23752560563029446,无毒,无毒
0,0,True,0.9035723748882508,0.09642762511174846,无毒,无毒
0,0,True,0.865907018714411,0.13409298128558847,无毒,无毒
0,0,True,0.8721492348351454,0.12785076516485455,无毒,无毒
0,0,True,0.8067899262915335,0.19321007370846618,无毒,无毒
0,0,True,0.9762965037492171,0.023703496250782486,无毒,无毒
0,0,True,0.8531075608608601,0.14689243913913924,无毒,无毒
0,0,True,0.6177934362235454,0.38220656377645434,无毒,无毒
0,0,True,0.8476443530671877,0.1523556469328122,无毒,无毒
0,0,True,0.6840552191184505,0.31594478088154904,无毒,无毒
0,0,True,0.8975213972728353,0.10247860272716462,无毒,无毒
0,0,True,0.9352982887570753,0.06470171124292418,无毒,无毒
0,0,True,0.9850502266191722,0.014949773380827307,无毒,无毒
0,1,False,0.4592741274067169,0.540725872593283,无毒,有毒
0,0,True,0.876337701451775,0.12366229854822489,无毒,无毒
0,0,True,0.9819296321469728,0.01807036785302678,无毒,无毒
0,0,True,0.8524351654297884,0.14756483457021147,无毒,无毒
0,0,True,0.97418158531328,0.025818414686719512,无毒,无毒
0,0,True,0.9651347531039352,0.0348652468960644,无毒,无毒
0,0,True,0.8320916646983619,0.1679083353016376,无毒,无毒
0,0,True,0.7797590824224454,0.22024091757755385,无毒,无毒
0,0,True,0.6490959426309026,0.3509040573690973,无毒,无毒
0,0,True,0.9784644024445973,0.021535597555402634,无毒,无毒
0,0,True,0.9851582687343914,0.014841731265608105,无毒,无毒
0,1,False,0.4272699853339499,0.57273001466605,无毒,有毒
0,0,True,0.8390905762717462,0.16090942372825315,无毒,无毒
0,1,False,0.3672572077528986,0.6327427922471012,无毒,有毒
0,0,True,0.6864181682488208,0.31358183175117893,无毒,无毒
0,0,True,0.7938118819051438,0.20618811809485588,无毒,无毒
0,0,True,0.9719511444119238,0.028048855588075704,无毒,无毒
0,0,True,0.8821185306224293,0.11788146937757059,无毒,无毒
0,0,True,0.8401219810096491,0.1598780189903503,无毒,无毒
0,0,True,0.8067314399224708,0.193268560077529,无毒,无毒
0,0,True,0.8394230507198774,0.160576949280122,无毒,无毒
0,0,True,0.9752924475117858,0.02470755248821378,无毒,无毒
0,0,True,0.9169313129919544,0.08306868700804532,无毒,无毒
0,0,True,0.8473445821116925,0.15265541788830672,无毒,无毒
0,0,True,0.8397826239872471,0.16021737601275238,无毒,无毒
0,0,True,0.9394970971904687,0.060502902809530815,无毒,无毒
0,0,True,0.530987616722403,0.4690123832775969,无毒,无毒
0,0,True,0.8835712124457491,0.11642878755425051,无毒,无毒
0,1,False,0.4180651935502262,0.5819348064497738,无毒,有毒
0,0,True,0.9730480257208234,0.026951974279175936,无毒,无毒
0,0,True,0.9529917535826019,0.04700824641739792,无毒,无毒
0,0,True,0.9622542403406676,0.03774575965933226,无毒,无毒
0,0,True,0.9596489673903872,0.040351032609612016,无毒,无毒
0,0,True,0.9676773493592252,0.03232265064077439,无毒,无毒
0,0,True,0.7944984273729605,0.20550157262703891,无毒,无毒
0,0,True,0.9417835004781892,0.05821649952181019,无毒,无毒
0,0,True,0.9253586181044539,0.0746413818955458,无毒,无毒
0,0,True,0.977779920177514,0.02222007982248578,无毒,无毒
0,0,True,0.8990025168905669,0.10099748310943271,无毒,无毒
0,1,False,0.4320775680643925,0.5679224319356074,无毒,有毒
0,0,True,0.9725344899015016,0.027465510098497993,无毒,无毒
0,0,True,0.9153456069868072,0.08465439301319254,无毒,无毒
0,0,True,0.7841716426641794,0.21582835733581984,无毒,无毒
0,0,True,0.5391558653332037,0.46084413466679613,无毒,无毒
0,0,True,0.5174108693280428,0.4825891306719569,无毒,无毒
0,0,True,0.8118945283005978,0.18810547169940214,无毒,无毒
0,0,True,0.9878946512907405,0.012105348709258786,无毒,无毒
0,0,True,0.9010225040489324,0.09897749595106721,无毒,无毒
0,0,True,0.9714887884175875,0.028511211582412356,无毒,无毒
0,0,True,0.8698562965704936,0.13014370342950568,无毒,无毒
0,0,True,0.9208416350555385,0.07915836494446131,无毒,无毒
0,0,True,0.643529395351193,0.35647060464880664,无毒,无毒
0,0,True,0.9677686005526432,0.032231399447356264,无毒,无毒
0,0,True,0.8551127315984455,0.1448872684015544,无毒,无毒
0,0,True,0.8782074946991691,0.12179250530083013,无毒,无毒
0,0,True,0.9559789644023461,0.0440210355976534,无毒,无毒
0,0,True,0.9711661426364568,0.028833857363542808,无毒,无毒
0,0,True,0.9880810404025522,0.01191895959744728,无毒,无毒
0,0,True,0.9555434985972121,0.04445650140278734,无毒,无毒
0,0,True,0.802356248846367,0.19764375115363259,无毒,无毒
0,0,True,0.9787891587480775,0.02121084125192236,无毒,无毒
0,0,True,0.9867003032546205,0.013299696745379137,无毒,无毒
0,0,True,0.8025981336779668,0.19740186632203272,无毒,无毒
0,0,True,0.8712410643694486,0.12875893563055113,无毒,无毒
0,0,True,0.9135847007179093,0.08641529928209052,无毒,无毒
0,0,True,0.9863308279190499,0.013669172080949947,无毒,无毒
0,0,True,0.8896855915309121,0.11031440846908776,无毒,无毒
0,0,True,0.9650265410107336,0.03497345898926624,无毒,无毒
0,0,True,0.8503000662536805,0.14969993374631899,无毒,无毒
0,0,True,0.9598479147476696,0.04015208525232986,无毒,无毒
0,0,True,0.9254757137102692,0.07452428628973064,无毒,无毒
0,0,True,0.9139031020087226,0.08609689799127737,无毒,无毒
0,1,False,0.04309329342093972,0.9569067065790601,无毒,有毒
0,0,True,0.8186796487548048,0.181320351245195,无毒,无毒
0,0,True,0.8684565781336804,0.13154342186631976,无毒,无毒
0,0,True,0.811444408066271,0.18855559193372864,无毒,无毒
0,0,True,0.9012882090881164,0.09871179091188306,无毒,无毒
0,0,True,0.9667998431247533,0.0332001568752463,无毒,无毒
0,0,True,0.9341031492638996,0.06589685073609974,无毒,无毒
0,0,True,0.8632702738713814,0.13672972612861764,无毒,无毒
0,0,True,0.7978402579543277,0.202159742045672,无毒,无毒
0,0,True,0.7603632623390753,0.23963673766092403,无毒,无毒
0,0,True,0.8127405577983727,0.18725944220162705,无毒,无毒
0,0,True,0.8489355161031332,0.15106448389686636,无毒,无毒
0,0,True,0.8888617935935831,0.11113820640641682,无毒,无毒
0,0,True,0.9887547199663212,0.011245280033678182,无毒,无毒
0,0,True,0.85704534160854,0.14295465839146027,无毒,无毒
0,0,True,0.8301946972703068,0.16980530272969294,无毒,无毒
0,0,True,0.807629861790374,0.19237013820962587,无毒,无毒
0,0,True,0.7898778897502128,0.2101221102497871,无毒,无毒
0,0,True,0.7787833352683063,0.2212166647316936,无毒,无毒
0,0,True,0.8820115670533554,0.11798843294664438,无毒,无毒
0,0,True,0.8605275486146247,0.13947245138537495,无毒,无毒
0,0,True,0.9918139874320179,0.008186012567981881,无毒,无毒
0,0,True,0.7465030479169736,0.25349695208302586,无毒,无毒
0,0,True,0.6794445050714336,0.32055549492856644,无毒,无毒
0,0,True,0.9412060750581854,0.058793924941814214,无毒,无毒
0,0,True,0.9802672800786705,0.019732719921329408,无毒,无毒
0,0,True,0.7928834357545028,0.20711656424549674,无毒,无毒
0,0,True,0.952349755817564,0.04765024418243605,无毒,无毒
0,0,True,0.7967382843885821,0.20326171561141748,无毒,无毒
0,0,True,0.8489739474193193,0.15102605258068016,无毒,无毒
0,0,True,0.9175024078810828,0.08249759211891698,无毒,无毒
0,0,True,0.873797425941885,0.1262025740581148,无毒,无毒
0,1,False,0.4678287287087259,0.5321712712912741,无毒,有毒
0,0,True,0.8095205542582107,0.1904794457417887,无毒,无毒
0,0,True,0.7169628562417398,0.28303714375825995,无毒,无毒
0,0,True,0.986618362696174,0.013381637303825779,无毒,无毒
0,0,True,0.9282973999435085,0.07170260005649146,无毒,无毒
0,0,True,0.7575380327411066,0.24246196725889288,无毒,无毒
0,0,True,0.8418954270923982,0.15810457290760163,无毒,无毒
0,0,True,0.8529273362535541,0.14707266374644554,无毒,无毒
0,0,True,0.9039130994963166,0.09608690050368293,无毒,无毒
0,0,True,0.9360521777159211,0.0639478222840783,无毒,无毒
0,0,True,0.9056672997777035,0.0943327002222961,无毒,无毒
0,0,True,0.9038061645533615,0.0961938354466382,无毒,无毒
0,0,True,0.9374312745218711,0.0625687254781284,无毒,无毒
0,0,True,0.8270499771446869,0.1729500228553127,无毒,无毒
0,0,True,0.9426973925861346,0.057302607413864844,无毒,无毒
0,0,True,0.9190245049704123,0.08097549502958712,无毒,无毒
0,0,True,0.9553716511270923,0.04462834887290738,无毒,无毒
0,0,True,0.9727654809355681,0.027234519064431605,无毒,无毒
0,0,True,0.760216729480688,0.23978327051931164,无毒,无毒
0,0,True,0.7628138346363535,0.2371861653636459,无毒,无毒
0,0,True,0.8976997883471586,0.10230021165284084,无毒,无毒
0,0,True,0.83583662720607,0.16416337279392973,无毒,无毒
0,1,False,0.2970361960028622,0.7029638039971374,无毒,有毒
0,0,True,0.9329274999531825,0.06707250004681727,无毒,无毒
0,0,True,0.9091434229346628,0.0908565770653373,无毒,无毒
0,0,True,0.8547020680712043,0.1452979319287951,无毒,无毒
0,0,True,0.7714820417151804,0.22851795828481883,无毒,无毒
0,0,True,0.9900676400085195,0.009932359991479863,无毒,无毒
0,0,True,0.8446602098056155,0.1553397901943843,无毒,无毒
0,0,True,0.9782646575360239,0.021735342463975713,无毒,无毒
0,0,True,0.9906621252400669,0.009337874759932741,无毒,无毒
0,0,True,0.9597786622891848,0.040221337710814896,无毒,无毒
0,0,True,0.77475479181231,0.2252452081876896,无毒,无毒
0,0,True,0.749391718693277,0.25060828130672186,无毒,无毒
0,0,True,0.6143478969813266,0.3856521030186731,无毒,无毒
0,0,True,0.5811720244959844,0.41882797550401557,无毒,无毒
0,0,True,0.6226153894303879,0.3773846105696116,无毒,无毒
0,0,True,0.9107630910881251,0.0892369089118748,无毒,无毒
0,0,True,0.8492263672791346,0.15077363272086478,无毒,无毒
0,0,True,0.7989684043463232,0.20103159565367676,无毒,无毒
0,0,True,0.8311317001388874,0.16886829986111276,无毒,无毒
0,1,False,0.41460584886880086,0.5853941511311993,无毒,有毒
0,1,False,0.13144994878826935,0.8685500512117307,无毒,有毒
0,0,True,0.9155511929747523,0.08444880702524758,无毒,无毒
0,0,True,0.7309172932239048,0.26908270677609475,无毒,无毒
0,0,True,0.8268087665556841,0.17319123344431545,无毒,无毒
0,0,True,0.9881705309620368,0.011829469037962906,无毒,无毒
0,0,True,0.8463260608081957,0.153673939191804,无毒,无毒
0,0,True,0.8143454176654714,0.18565458233452822,无毒,无毒
0,0,True,0.9187333151899266,0.08126668481007288,无毒,无毒
0,0,True,0.989625873328402,0.0103741266715977,无毒,无毒
0,0,True,0.8788041411421851,0.12119585885781473,无毒,无毒
0,0,True,0.8457819624108915,0.1542180375891083,无毒,无毒
0,0,True,0.808862679938317,0.19113732006168227,无毒,无毒
0,0,True,0.8115323768063298,0.18846762319367,无毒,无毒
0,0,True,0.9871850090735202,0.012814990926479437,无毒,无毒
0,0,True,0.8821251165497285,0.1178748834502712,无毒,无毒
0,0,True,0.7833862083478074,0.21661379165219224,无毒,无毒
0,0,True,0.8360746264546556,0.1639253735453437,无毒,无毒
0,0,True,0.7568887324151089,0.24311126758489032,无毒,无毒
0,1,False,0.32598368746391443,0.6740163125360854,无毒,有毒
0,0,True,0.6929848276752061,0.30701517232479353,无毒,无毒
0,1,False,0.13685392607561644,0.8631460739243836,无毒,有毒
0,0,True,0.7278425134580854,0.27215748654191435,无毒,无毒
0,0,True,0.9387088893643081,0.06129111063569182,无毒,无毒
0,0,True,0.9856121607342767,0.014387839265723085,无毒,无毒
0,0,True,0.5976746365591699,0.40232536344083014,无毒,无毒
0,0,True,0.5586025436086343,0.4413974563913657,无毒,无毒
0,0,True,0.958297804837067,0.04170219516293285,无毒,无毒
0,0,True,0.7353822887150341,0.26461771128496553,无毒,无毒
0,0,True,0.868341138621428,0.13165886137857163,无毒,无毒
0,0,True,0.9663742360025851,0.03362576399741454,无毒,无毒
0,0,True,0.8840448167026387,0.11595518329736088,无毒,无毒
0,0,True,0.8985668030140505,0.10143319698594913,无毒,无毒
0,0,True,0.7364672648194376,0.263532735180562,无毒,无毒
0,0,True,0.823472010085786,0.17652798991421334,无毒,无毒
0,0,True,0.7797596210909051,0.2202403789090942,无毒,无毒
0,0,True,0.8405587640135833,0.15944123598641602,无毒,无毒
0,0,True,0.9875901201684693,0.012409879831530142,无毒,无毒
0,0,True,0.9782816745528803,0.02171832544711945,无毒,无毒
0,0,True,0.9851823281133898,0.014817671886610137,无毒,无毒
0,0,True,0.689203294456266,0.31079670554373356,无毒,无毒
0,0,True,0.8308371357822327,0.16916286421776736,无毒,无毒
0,0,True,0.9457926760579501,0.054207323942049676,无毒,无毒
0,0,True,0.9474036827839746,0.052596317216025056,无毒,无毒
0,0,True,0.907006681008756,0.09299331899124365,无毒,无毒
0,0,True,0.7613799513176019,0.23862004868239736,无毒,无毒
0,0,True,0.676833430481341,0.3231665695186588,无毒,无毒
0,0,True,0.6128369651653932,0.38716303483460635,无毒,无毒
0,0,True,0.9303082789589748,0.06969172104102479,无毒,无毒
0,1,False,0.38560392340041977,0.6143960765995802,无毒,有毒
0,0,True,0.9467208735137106,0.05327912648628866,无毒,无毒
0,0,True,0.9717624115078298,0.02823758849216998,无毒,无毒
0,0,True,0.9493113840724489,0.0506886159275508,无毒,无毒
0,0,True,0.8087563065830508,0.19124369341694883,无毒,无毒
0,0,True,0.9243177807244243,0.07568221927557517,无毒,无毒
0,0,True,0.6916815131434088,0.30831848685659097,无毒,无毒
0,0,True,0.8096325897571051,0.19036741024289516,无毒,无毒
0,0,True,0.869615511674792,0.13038448832520774,无毒,无毒
0,0,True,0.9741189448244247,0.025881055175574645,无毒,无毒
0,1,False,0.09114506427331062,0.9088549357266892,无毒,有毒
0,0,True,0.987204759923099,0.012795240076900678,无毒,无毒
0,0,True,0.9803279555867338,0.019672044413265876,无毒,无毒
0,0,True,0.8942155224418872,0.10578447755811263,无毒,无毒
0,0,True,0.8804523281986504,0.1195476718013495,无毒,无毒
0,0,True,0.9828488820419068,0.017151117958092692,无毒,无毒
0,0,True,0.9819482014572309,0.018051798542768564,无毒,无毒
0,0,True,0.945372863925641,0.05462713607435837,无毒,无毒
0,1,False,0.43001421672408713,0.5699857832759131,无毒,有毒
0,0,True,0.8982437137774426,0.10175628622255722,无毒,无毒
0,0,True,0.5831708852781743,0.41682911472182554,无毒,无毒
0,0,True,0.9839984218848973,0.01600157811510247,无毒,无毒
0,0,True,0.8130223575972804,0.18697764240271916,无毒,无毒
0,0,True,0.9877109515210885,0.012289048478911258,无毒,无毒
0,0,True,0.6440085270475909,0.3559914729524087,无毒,无毒
0,0,True,0.86063613168299,0.1393638683170096,无毒,无毒
0,0,True,0.8615220259715639,0.1384779740284355,无毒,无毒
0,0,True,0.9796652287688684,0.02033477123113127,无毒,无毒
0,0,True,0.7522062357743144,0.2477937642256849,无毒,无毒
0,0,True,0.981076597578737,0.018923402421262548,无毒,无毒
0,0,True,0.9624946242463998,0.037505375753599905,无毒,无毒
0,0,True,0.9598192271939803,0.040180772806019276,无毒,无毒
0,0,True,0.9495673786317645,0.050432621368235245,无毒,无毒
0,0,True,0.9285988731423642,0.07140112685763554,无毒,无毒
0,0,True,0.8174252094468359,0.1825747905531638,无毒,无毒
0,0,True,0.8484577526869461,0.15154224731305335,无毒,无毒
0,1,False,0.057964763054002756,0.9420352369459972,无毒,有毒
0,0,True,0.8712706758464204,0.12872932415357968,无毒,无毒
0,0,True,0.9625618530506543,0.03743814694934566,无毒,无毒
0,0,True,0.8850375125386293,0.11496248746137006,无毒,无毒
0,0,True,0.9101330776925348,0.08986692230746485,无毒,无毒
0,0,True,0.7783920023124712,0.22160799768752834,无毒,无毒
0,0,True,0.922879727642969,0.07712027235703055,无毒,无毒
0,0,True,0.9152388849814045,0.08476111501859517,无毒,无毒
0,0,True,0.663072225427754,0.3369277745722457,无毒,无毒
0,0,True,0.6394926863325152,0.3605073136674845,无毒,无毒
0,0,True,0.8694554747358336,0.13054452526416618,无毒,无毒
0,0,True,0.941853482282038,0.05814651771796177,无毒,无毒
0,0,True,0.810066881054994,0.18993311894500547,无毒,无毒
0,0,True,0.9857983662870273,0.014201633712972308,无毒,无毒
0,0,True,0.9127793577807175,0.0872206422192821,无毒,无毒
0,0,True,0.8244290876786847,0.17557091232131522,无毒,无毒
0,0,True,0.8278556678292561,0.17214433217074362,无毒,无毒
0,0,True,0.6215394648026266,0.37846053519737327,无毒,无毒
0,0,True,0.742103109646616,0.25789689035338326,无毒,无毒
0,0,True,0.9547721808396953,0.04522781916030449,无毒,无毒
0,1,False,0.4461791431637361,0.553820856836264,无毒,有毒
0,0,True,0.750190601733479,0.24980939826652038,无毒,无毒
0,0,True,0.8491871699185113,0.1508128300814885,无毒,无毒
0,0,True,0.9915060225727577,0.008493977427242233,无毒,无毒
0,0,True,0.839542209910377,0.160457790089623,无毒,无毒
0,0,True,0.8590230396643527,0.1409769603356469,无毒,无毒
0,0,True,0.82714041772519,0.17285958227480996,无毒,无毒
0,0,True,0.9708649059097756,0.029135094090224425,无毒,无毒
0,0,True,0.8185078152714014,0.18149218472859804,无毒,无毒
0,0,True,0.9850033049748411,0.014996695025158536,无毒,无毒
0,0,True,0.9903519682329238,0.009648031767075712,无毒,无毒
0,0,True,0.6487769673580834,0.35122303264191657,无毒,无毒
0,0,True,0.7887561351401847,0.21124386485981467,无毒,无毒
0,0,True,0.8860444729766269,0.11395552702337293,无毒,无毒
0,0,True,0.75738843581595,0.24261156418405,无毒,无毒
0,0,True,0.6727740472237742,0.3272259527762255,无毒,无毒
0,0,True,0.9368266008267916,0.06317339917320823,无毒,无毒
0,0,True,0.809730616880531,0.19026938311946817,无毒,无毒
0,0,True,0.9542017320480944,0.04579826795190517,无毒,无毒
0,0,True,0.9620664463479365,0.037933553652063266,无毒,无毒
0,0,True,0.7544794888819927,0.2455205111180068,无毒,无毒
0,0,True,0.7368739320796662,0.2631260679203331,无毒,无毒
0,0,True,0.8334220726770293,0.1665779273229705,无毒,无毒
0,0,True,0.9132554938331657,0.08674450616683435,无毒,无毒
0,0,True,0.9742056795061306,0.02579432049386881,无毒,无毒
0,0,True,0.7941080619198799,0.2058919380801194,无毒,无毒
0,0,True,0.968285875099206,0.03171412490079347,无毒,无毒
0,0,True,0.9453667333032585,0.054633266696741074,无毒,无毒
0,0,True,0.7952687563375909,0.2047312436624086,无毒,无毒
0,0,True,0.787252817444142,0.21274718255585756,无毒,无毒
0,0,True,0.9891582090232967,0.010841790976703007,无毒,无毒
0,0,True,0.6970846628599626,0.3029153371400366,无毒,无毒
0,0,True,0.9795657054824504,0.020434294517549287,无毒,无毒
0,0,True,0.8278700076571289,0.1721299923428705,无毒,无毒
0,0,True,0.8912366908749153,0.10876330912508428,无毒,无毒
0,0,True,0.8575589633242999,0.1424410366756994,无毒,无毒
0,0,True,0.9181147843166328,0.08188521568336644,无毒,无毒
0,0,True,0.7010981588533491,0.2989018411466503,无毒,无毒
0,0,True,0.9149089330131943,0.08509106698680541,无毒,无毒
0,0,True,0.7266343568936249,0.2733656431063747,无毒,无毒
0,0,True,0.9390460250867863,0.06095397491321327,无毒,无毒
0,0,True,0.8461428705730404,0.15385712942695942,无毒,无毒
0,0,True,0.9562190598600313,0.04378094013996834,无毒,无毒
0,0,True,0.7420689975462978,0.2579310024537018,无毒,无毒
0,0,True,0.887639567301482,0.11236043269851777,无毒,无毒
0,0,True,0.9866174894972558,0.013382510502743925,无毒,无毒
0,0,True,0.8450955299724922,0.15490447002750737,无毒,无毒
0,0,True,0.5042144460953416,0.4957855539046583,无毒,无毒
0,0,True,0.8026056048239861,0.19739439517601334,无毒,无毒
0,0,True,0.8795936155074507,0.12040638449254891,无毒,无毒
0,0,True,0.8385487656342613,0.16145123436573833,无毒,无毒
0,1,False,0.15413983326271075,0.8458601667372893,无毒,有毒
0,0,True,0.7967687567560917,0.20323124324390793,无毒,无毒
0,0,True,0.8353558676782314,0.16464413232176786,无毒,无毒
0,0,True,0.9163284928232562,0.0836715071767433,无毒,无毒
0,0,True,0.8803090322845811,0.1196909677154187,无毒,无毒
0,0,True,0.8179161803834082,0.18208381961659145,无毒,无毒
0,0,True,0.7950483258644219,0.20495167413557774,无毒,无毒
0,0,True,0.625520869400446,0.37447913059955407,无毒,无毒
0,0,True,0.979409321050549,0.020590678949450766,无毒,无毒
0,0,True,0.9356978122057522,0.0643021877942473,无毒,无毒
0,0,True,0.7637449075362237,0.23625509246377585,无毒,无毒
0,0,True,0.9681433742587247,0.031856625741275,无毒,无毒
0,0,True,0.8580567722232053,0.14194322777679472,无毒,无毒
0,0,True,0.7820385689023672,0.21796143109763239,无毒,无毒
0,0,True,0.9906682525199301,0.009331747480069706,无毒,无毒
0,0,True,0.9670959812737688,0.03290401872623066,无毒,无毒
0,0,True,0.8850142198547175,0.11498578014528203,无毒,无毒
0,0,True,0.7874013814792193,0.21259861852078,无毒,无毒
0,0,True,0.9424537748355755,0.05754622516442387,无毒,无毒
0,0,True,0.9910731552580979,0.008926844741901497,无毒,无毒
0,0,True,0.6341488711956678,0.36585112880433185,无毒,无毒
0,0,True,0.9225375216288754,0.07746247837112391,无毒,无毒
0,0,True,0.9204242149792395,0.07957578502076033,无毒,无毒
0,0,True,0.86314102932791,0.13685897067208935,无毒,无毒
0,0,True,0.9193472059155694,0.08065279408443043,无毒,无毒
0,0,True,0.9818214368276338,0.018178563172366168,无毒,无毒
0,0,True,0.8603214218746785,0.1396785781253213,无毒,无毒
0,0,True,0.8516420742786305,0.1483579257213691,无毒,无毒
0,0,True,0.7821338170424638,0.21786618295753615,无毒,无毒
0,0,True,0.7323479930924012,0.26765200690759816,无毒,无毒
0,1,False,0.37154753923346234,0.6284524607665376,无毒,有毒
0,0,True,0.9592339569266692,0.0407660430733305,无毒,无毒
0,0,True,0.9601891353300028,0.039810864669996615,无毒,无毒
0,0,True,0.9360314398606161,0.06396856013938339,无毒,无毒
0,0,True,0.6917730307834024,0.3082269692165974,无毒,无毒
0,0,True,0.9833193485369889,0.016680651463010777,无毒,无毒
0,0,True,0.8720836521038592,0.12791634789614018,无毒,无毒
0,0,True,0.7804956440352844,0.21950435596471543,无毒,无毒
0,0,True,0.9724949192226604,0.02750508077733912,无毒,无毒
0,0,True,0.9605433763480299,0.03945662365196954,无毒,无毒
0,0,True,0.7098647694080686,0.29013523059193086,无毒,无毒
0,0,True,0.9821816051231025,0.017818394876896924,无毒,无毒
0,0,True,0.7391208901902074,0.260879109809792,无毒,无毒
0,0,True,0.8291905372379972,0.1708094627620023,无毒,无毒
0,0,True,0.7473920009315954,0.2526079990684041,无毒,无毒
0,0,True,0.7367499869041789,0.26325001309582113,无毒,无毒
0,0,True,0.9143980791208425,0.08560192087915737,无毒,无毒
0,0,True,0.8380756655795844,0.16192433442041523,无毒,无毒
0,0,True,0.965630260705157,0.03436973929484234,无毒,无毒
0,0,True,0.8279137969656596,0.17208620303434008,无毒,无毒
0,0,True,0.9846657830064396,0.015334216993560199,无毒,无毒
0,0,True,0.7606049648787035,0.2393950351212962,无毒,无毒
0,0,True,0.9893715234642343,0.010628476535765345,无毒,无毒
0,0,True,0.9406022842907052,0.05939771570929449,无毒,无毒
0,0,True,0.7922286050126667,0.20777139498733285,无毒,无毒
0,0,True,0.9129370801588769,0.08706291984112285,无毒,无毒
0,0,True,0.7667720104900284,0.23322798950997126,无毒,无毒
0,0,True,0.7283206932528082,0.27167930674719143,无毒,无毒
0,0,True,0.9874306847804272,0.012569315219572214,无毒,无毒
0,0,True,0.8044956785708809,0.19550432142911867,无毒,无毒
0,0,True,0.7748668110802482,0.22513318891975143,无毒,无毒
0,0,True,0.7900307172166104,0.20996928278338906,无毒,无毒
0,0,True,0.8740159041365229,0.12598409586347692,无毒,无毒
0,0,True,0.9708829059718329,0.02911709402816695,无毒,无毒
0,0,True,0.6717824236629467,0.32821757633705295,无毒,无毒
0,0,True,0.9615492792139113,0.038450720786087994,无毒,无毒
0,0,True,0.841387323579952,0.15861267642004756,无毒,无毒
0,0,True,0.7687225869022271,0.23127741309777228,无毒,无毒
0,0,True,0.6436961915082349,0.35630380849176474,无毒,无毒
0,0,True,0.7955180998448235,0.20448190015517656,无毒,无毒
0,0,True,0.7714946995141341,0.22850530048586493,无毒,无毒
0,0,True,0.9079559944257588,0.09204400557424136,无毒,无毒
0,0,True,0.8793777671018175,0.12062223289818248,无毒,无毒
0,0,True,0.9211248097491613,0.07887519025083836,无毒,无毒
0,1,False,0.3276435296001176,0.6723564703998823,无毒,有毒
0,0,True,0.9631952237124036,0.036804776287595875,无毒,无毒
0,0,True,0.8393972939851174,0.1606027060148822,无毒,无毒
0,0,True,0.7795175052125234,0.2204824947874764,无毒,无毒
0,0,True,0.9271774586819731,0.07282254131802673,无毒,无毒
0,0,True,0.8615007584060929,0.1384992415939067,无毒,无毒
0,0,True,0.8646283131104822,0.1353716868895174,无毒,无毒
0,0,True,0.892544924940625,0.10745507505937449,无毒,无毒
0,0,True,0.9746415739716312,0.025358426028368478,无毒,无毒
0,0,True,0.7282929373827571,0.2717070626172421,无毒,无毒
0,0,True,0.8586567177534454,0.14134328224655424,无毒,无毒
0,0,True,0.9068831844693307,0.09311681553066879,无毒,无毒
0,0,True,0.8423160702251932,0.15768392977480677,无毒,无毒
0,0,True,0.8734301372657104,0.12656986273428925,无毒,无毒
0,0,True,0.7690514790354187,0.2309485209645808,无毒,无毒
0,0,True,0.72899686879856,0.2710031312014397,无毒,无毒
0,0,True,0.9544481285918578,0.04555187140814195,无毒,无毒
0,0,True,0.5481717104877949,0.451828289512205,无毒,无毒
0,0,True,0.9682998151056199,0.03170018489437985,无毒,无毒
0,0,True,0.8760321579366461,0.12396784206335337,无毒,无毒
0,0,True,0.6909806231948901,0.3090193768051099,无毒,无毒
0,0,True,0.9411269250343188,0.058873074965680464,无毒,无毒
0,0,True,0.738340534232316,0.2616594657676834,无毒,无毒
0,0,True,0.769394455656231,0.2306055443437683,无毒,无毒
0,0,True,0.9405101190230295,0.05948988097697011,无毒,无毒
0,0,True,0.9762394977011778,0.023760502298821665,无毒,无毒
0,0,True,0.986323339549118,0.01367666045088164,无毒,无毒
0,0,True,0.7921007411310103,0.20789925886898888,无毒,无毒
0,0,True,0.8543307325306244,0.14566926746937459,无毒,无毒
0,0,True,0.8149440563182087,0.18505594368179057,无毒,无毒
0,0,True,0.9377681615333059,0.06223183846669382,无毒,无毒
0,0,True,0.8720163683078331,0.1279836316921665,无毒,无毒
0,0,True,0.9871322211236572,0.012867778876342696,无毒,无毒
0,0,True,0.8170771538505894,0.1829228461494098,无毒,无毒
0,0,True,0.9687163784752562,0.031283621524743316,无毒,无毒
0,0,True,0.8310153487165671,0.1689846512834324,无毒,无毒
0,0,True,0.8593467075714287,0.14065329242857066,无毒,无毒
0,0,True,0.9918399047758006,0.008160095224199226,无毒,无毒
0,0,True,0.7997943616040927,0.20020563839590683,无毒,无毒
0,0,True,0.6426058457371413,0.3573941542628583,无毒,无毒
0,0,True,0.9667460773911992,0.03325392260880052,无毒,无毒
0,0,True,0.9375542369883254,0.06244576301167387,无毒,无毒
0,1,False,0.40952423613338973,0.5904757638666103,无毒,有毒
0,0,True,0.747781698140916,0.25221830185908334,无毒,无毒
0,0,True,0.7024192033066093,0.2975807966933906,无毒,无毒
0,0,True,0.7441241685701057,0.2558758314298939,无毒,无毒
0,0,True,0.7524379105880965,0.24756208941190302,无毒,无毒
0,0,True,0.8815786849645965,0.11842131503540304,无毒,无毒
0,0,True,0.7833709521491575,0.21662904785084192,无毒,无毒
0,1,False,0.3127488978463936,0.6872511021536064,无毒,有毒
0,0,True,0.9366241504987782,0.06337584950122183,无毒,无毒
0,0,True,0.8390562833022078,0.16094371669779187,无毒,无毒
0,0,True,0.9266449463172234,0.07335505368277664,无毒,无毒
0,0,True,0.8860257131097053,0.11397428689029483,无毒,无毒
0,0,True,0.8287053235302133,0.17129467646978586,无毒,无毒
0,0,True,0.595843866142928,0.4041561338570718,无毒,无毒
0,0,True,0.978583501828176,0.021416498171823683,无毒,无毒
0,0,True,0.9436208035531576,0.056379196446842215,无毒,无毒
0,0,True,0.980674933500845,0.01932506649915454,无毒,无毒
0,0,True,0.981698328496765,0.018301671503234685,无毒,无毒
0,0,True,0.7214755504392943,0.27852444956070493,无毒,无毒
0,0,True,0.8601244863328378,0.13987551366716186,无毒,无毒
0,0,True,0.9527421855439754,0.04725781445602403,无毒,无毒
0,0,True,0.9829159690074138,0.017084030992585965,无毒,无毒
0,0,True,0.7331515450640457,0.2668484549359539,无毒,无毒
0,0,True,0.7534723680676386,0.24652763193236077,无毒,无毒
0,0,True,0.9565656830337912,0.043434316966208295,无毒,无毒
0,0,True,0.6802373762647757,0.31976262373522407,无毒,无毒
0,0,True,0.9804312765887842,0.01956872341121542,无毒,无毒
0,0,True,0.659585859856356,0.3404141401436439,无毒,无毒
0,0,True,0.9679355147026724,0.03206448529732731,无毒,无毒
0,0,True,0.8721121628517038,0.12788783714829588,无毒,无毒
0,0,True,0.6960586026486435,0.30394139735135606,无毒,无毒
0,0,True,0.98856685327643,0.011433146723569782,无毒,无毒
0,0,True,0.9155840463200299,0.08441595367997018,无毒,无毒
0,0,True,0.8329259770272764,0.1670740229727227,无毒,无毒
0,0,True,0.9896968966166166,0.010303103383383192,无毒,无毒
0,0,True,0.8293769621034919,0.1706230378965079,无毒,无毒
0,0,True,0.9812798376729864,0.018720162327013037,无毒,无毒
0,1,False,0.06034856736562256,0.9396514326343776,无毒,有毒
0,0,True,0.9557602559456909,0.04423974405430898,无毒,无毒
0,0,True,0.8445640031662566,0.15543599683374304,无毒,无毒
0,0,True,0.7852826565700104,0.21471734342998886,无毒,无毒
0,0,True,0.9842994676554635,0.015700532344536226,无毒,无毒
0,0,True,0.8122948386549937,0.18770516134500553,无毒,无毒
0,0,True,0.7861678778996251,0.21383212210037444,无毒,无毒
0,0,True,0.8625583948887793,0.13744160511122028,无毒,无毒
0,0,True,0.733750161279137,0.2662498387208624,无毒,无毒
0,0,True,0.7485027963336409,0.25149720366635875,无毒,无毒
0,0,True,0.8159348118812834,0.18406518811871614,无毒,无毒
0,0,True,0.7685623585330944,0.23143764146690532,无毒,无毒
0,0,True,0.8650763701300412,0.1349236298699585,无毒,无毒
0,0,True,0.8006794084243295,0.19932059157566978,无毒,无毒
0,0,True,0.807502887541077,0.19249711245892315,无毒,无毒
0,0,True,0.8431169323289958,0.15688306767100402,无毒,无毒
0,0,True,0.7413305988081987,0.2586694011918005,无毒,无毒
0,0,True,0.9534858589012479,0.04651414109875164,无毒,无毒
0,0,True,0.819640988570994,0.18035901142900532,无毒,无毒
0,1,False,0.19425513858060153,0.8057448614193983,无毒,有毒
0,1,False,0.14799105193649256,0.8520089480635079,无毒,有毒
0,0,True,0.8434114525529612,0.1565885474470382,无毒,无毒
0,0,True,0.768548085810921,0.23145191418907848,无毒,无毒
0,0,True,0.8496676238432629,0.15033237615673659,无毒,无毒
0,0,True,0.847716134310308,0.1522838656896915,无毒,无毒
0,0,True,0.9810266778211069,0.018973322178892967,无毒,无毒
0,0,True,0.9718458208354099,0.02815417916459006,无毒,无毒
0,0,True,0.9812821653063396,0.018717834693659806,无毒,无毒
0,0,True,0.9606413041527493,0.03935869584725052,无毒,无毒
0,0,True,0.8557523710359682,0.14424762896403154,无毒,无毒
0,0,True,0.9844175784516694,0.015582421548330387,无毒,无毒
0,0,True,0.9625581553265187,0.037441844673480766,无毒,无毒
0,1,False,0.38784830241041973,0.6121516975895805,无毒,有毒
0,0,True,0.6445844954280511,0.3554155045719487,无毒,无毒
0,0,True,0.9093218115883213,0.09067818841167855,无毒,无毒
0,0,True,0.9374635036610328,0.0625364963389666,无毒,无毒
0,0,True,0.9107728906715249,0.08922710932847457,无毒,无毒
0,0,True,0.9733061016907913,0.026693898309208562,无毒,无毒
0,0,True,0.9366711529374849,0.06332884706251436,无毒,无毒
0,0,True,0.951710999308335,0.04828900069166456,无毒,无毒
0,0,True,0.9441605144828792,0.05583948551712039,无毒,无毒
0,0,True,0.9599857446872234,0.04001425531277634,无毒,无毒
0,0,True,0.9692642278510022,0.030735772148997524,无毒,无毒
0,0,True,0.5979064754187928,0.4020935245812069,无毒,无毒
0,0,True,0.9459291607299692,0.054070839270030466,无毒,无毒
0,0,True,0.9884854710309448,0.011514528969054924,无毒,无毒
0,0,True,0.7964960821975421,0.20350391780245705,无毒,无毒
0,0,True,0.9492695922207564,0.050730407779243404,无毒,无毒
0,0,True,0.9822985188727026,0.017701481127296973,无毒,无毒
0,0,True,0.7536576137998449,0.24634238620015456,无毒,无毒
0,0,True,0.9704107497574889,0.02958925024251067,无毒,无毒
0,0,True,0.8348833397343945,0.1651166602656047,无毒,无毒
0,0,True,0.7505986169687447,0.24940138303125514,无毒,无毒
0,0,True,0.9233901913079042,0.07660980869209513,无毒,无毒
0,0,True,0.828886883684256,0.17111311631574336,无毒,无毒
0,0,True,0.9773627795718854,0.022637220428113974,无毒,无毒
0,0,True,0.9751884107871769,0.024811589212822956,无毒,无毒
0,0,True,0.6761312298325176,0.3238687701674822,无毒,无毒
0,0,True,0.8737912280709559,0.12620877192904387,无毒,无毒
0,0,True,0.8768216876086221,0.12317831239137739,无毒,无毒
0,0,True,0.978395762141635,0.02160423785836456,无毒,无毒
0,0,True,0.8475079845705602,0.15249201542943935,无毒,无毒
0,0,True,0.9383502118708038,0.06164978812919593,无毒,无毒
0,0,True,0.8107556260833835,0.18924437391661617,无毒,无毒
0,0,True,0.8923854392539147,0.10761456074608482,无毒,无毒
0,0,True,0.9889660778477161,0.011033922152283398,无毒,无毒
0,0,True,0.8089140851774477,0.1910859148225522,无毒,无毒
0,0,True,0.8353638175349312,0.1646361824650687,无毒,无毒
0,0,True,0.8012370879775412,0.19876291202245838,无毒,无毒
0,0,True,0.9754366565284525,0.024563343471547226,无毒,无毒
0,0,True,0.9722872050638266,0.027712794936173134,无毒,无毒
0,0,True,0.7918185625886247,0.20818143741137496,无毒,无毒
0,0,True,0.8297827717379672,0.17021722826203212,无毒,无毒
0,0,True,0.9761864668266521,0.023813533173347272,无毒,无毒
0,0,True,0.9013713495334508,0.0986286504665486,无毒,无毒
0,0,True,0.9459272106153297,0.054072789384669875,无毒,无毒
0,0,True,0.959884438509206,0.040115561490793664,无毒,无毒
0,0,True,0.9473580025169364,0.05264199748306358,无毒,无毒
0,0,True,0.961663611748829,0.03833638825117079,无毒,无毒
0,0,True,0.8177225527840207,0.18227744721597947,无毒,无毒
0,0,True,0.8074790153785937,0.19252098462140568,无毒,无毒
0,0,True,0.8810554227288508,0.11894457727114917,无毒,无毒
0,0,True,0.9435745825736777,0.0564254174263219,无毒,无毒
0,1,False,0.3665711567278304,0.6334288432721696,无毒,有毒
0,0,True,0.817406956083492,0.18259304391650713,无毒,无毒
0,1,False,0.4996539965312687,0.500346003468731,无毒,有毒
0,0,True,0.9726462808317673,0.027353719168232392,无毒,无毒
0,0,True,0.8125210399050751,0.18747896009492437,无毒,无毒
0,0,True,0.7933433493437627,0.20665665065623667,无毒,无毒
0,0,True,0.9904640650431529,0.009535934956846842,无毒,无毒
0,0,True,0.7725979307649411,0.22740206923505865,无毒,无毒
0,0,True,0.9325107812931342,0.06748921870686554,无毒,无毒
0,0,True,0.7989259944261065,0.20107400557389293,无毒,无毒
0,0,True,0.6620551434563298,0.33794485654367007,无毒,无毒
0,0,True,0.9221424412078754,0.07785755879212437,无毒,无毒
0,0,True,0.9860765968108807,0.013923403189119188,无毒,无毒
0,0,True,0.9431563963355942,0.056843603664405495,无毒,无毒
0,0,True,0.9610481744464873,0.03895182555351225,无毒,无毒
0,0,True,0.8692101299939062,0.1307898700060934,无毒,无毒
0,0,True,0.9483346423135735,0.05166535768642613,无毒,无毒
0,0,True,0.8465000220257284,0.15349997797427084,无毒,无毒
0,0,True,0.6054850216150851,0.39451497838491484,无毒,无毒
0,0,True,0.9668194904479644,0.03318050955203509,无毒,无毒
0,0,True,0.8453679903093584,0.15463200969064114,无毒,无毒
0,0,True,0.9903142354352586,0.009685764564740941,无毒,无毒
0,0,True,0.9529924136062131,0.04700758639378627,无毒,无毒
0,0,True,0.9294203255067391,0.07057967449326047,无毒,无毒
0,0,True,0.8447109118086353,0.1552890881913642,无毒,无毒
0,0,True,0.7427385481888276,0.2572614518111718,无毒,无毒
0,0,True,0.9400278601879571,0.0599721398120425,无毒,无毒
0,0,True,0.9516153029592012,0.048384697040798265,无毒,无毒
0,0,True,0.6016427128619555,0.3983572871380444,无毒,无毒
0,0,True,0.9805412212188103,0.019458778781189467,无毒,无毒
0,0,True,0.9746687760896632,0.025331223910336285,无毒,无毒
0,0,True,0.81101898084908,0.18898101915091947,无毒,无毒
0,0,True,0.897570239758149,0.10242976024185065,无毒,无毒
0,0,True,0.834517122732527,0.16548287726747296,无毒,无毒
0,0,True,0.9691281260452631,0.030871873954736603,无毒,无毒
0,0,True,0.7326716633454534,0.2673283366545464,无毒,无毒
0,0,True,0.9798011649488193,0.020198835051180256,无毒,无毒
0,0,True,0.9510305550450775,0.04896944495492183,无毒,无毒
0,0,True,0.8058146288463774,0.19418537115362208,无毒,无毒
0,0,True,0.9452162016687129,0.05478379833128651,无毒,无毒
0,0,True,0.7618820226234841,0.23811797737651536,无毒,无毒
0,0,True,0.9374251993623046,0.0625748006376948,无毒,无毒
0,0,True,0.9742406971144699,0.025759302885529693,无毒,无毒
0,0,True,0.9874751953774935,0.01252480462250607,无毒,无毒
0,0,True,0.8480620407912283,0.15193795920877126,无毒,无毒
0,0,True,0.951602329413036,0.048397670586963815,无毒,无毒
0,0,True,0.8613257510374086,0.13867424896259084,无毒,无毒
0,0,True,0.9389688642260303,0.06103113577396942,无毒,无毒
0,0,True,0.8844506216670166,0.11554937833298352,无毒,无毒
0,0,True,0.7584242007657501,0.24157579923424943,无毒,无毒
0,0,True,0.7942934027369529,0.20570659726304677,无毒,无毒
0,0,True,0.8001778176490717,0.19982218235092788,无毒,无毒
0,0,True,0.8017149893464466,0.1982850106535531,无毒,无毒
0,0,True,0.9821883459857106,0.017811654014288924,无毒,无毒
0,0,True,0.896369614078436,0.1036303859215634,无毒,无毒
0,0,True,0.9507952377737933,0.04920476222620621,无毒,无毒
0,0,True,0.9006359791423099,0.0993640208576895,无毒,无毒
0,0,True,0.9894453498880382,0.010554650111961114,无毒,无毒
0,0,True,0.9896928904353508,0.010307109564648856,无毒,无毒
0,0,True,0.9750839978475416,0.024916002152458164,无毒,无毒
0,0,True,0.9809165190329994,0.019083480967000462,无毒,无毒
0,0,True,0.9855392457194965,0.01446075428050296,无毒,无毒
0,0,True,0.9508827405273397,0.04911725947265979,无毒,无毒
0,0,True,0.9440276222595401,0.05597237774045951,无毒,无毒
0,1,False,0.41111740288598786,0.5888825971140123,无毒,有毒
0,0,True,0.7601924242770266,0.2398075757229731,无毒,无毒
0,0,True,0.627876164147964,0.37212383585203557,无毒,无毒
0,0,True,0.9616780107309779,0.038321989269021486,无毒,无毒
0,0,True,0.8586592375145315,0.14134076248546806,无毒,无毒
0,0,True,0.9804031527312962,0.019596847268703043,无毒,无毒
0,0,True,0.7570818517049567,0.24291814829504266,无毒,无毒
0,0,True,0.9890439269880682,0.010956073011931477,无毒,无毒
0,0,True,0.9728772022493508,0.0271227977506486,无毒,无毒
0,0,True,0.9515572167169359,0.04844278328306351,无毒,无毒
0,0,True,0.9826353190044864,0.017364680995513183,无毒,无毒
0,0,True,0.9292658068193828,0.07073419318061654,无毒,无毒
0,0,True,0.7180351879986798,0.2819648120013199,无毒,无毒
0,0,True,0.9881709344192693,0.011829065580730231,无毒,无毒
0,0,True,0.9827335928164551,0.017266407183544594,无毒,无毒
0,0,True,0.9604793922822056,0.03952060771779401,无毒,无毒
0,0,True,0.8191765353945769,0.1808234646054231,无毒,无毒
0,1,False,0.24773204965370535,0.7522679503462948,无毒,有毒
0,0,True,0.9155684918740615,0.08443150812593793,无毒,无毒
0,0,True,0.9506279410774487,0.04937205892255074,无毒,无毒
0,0,True,0.637221617143913,0.3627783828560867,无毒,无毒
0,0,True,0.8630667539139787,0.13693324608602048,无毒,无毒
0,0,True,0.9252242137988472,0.07477578620115247,无毒,无毒
0,0,True,0.9130159298050041,0.08698407019499572,无毒,无毒
0,1,False,0.49095509627262,0.50904490372738,无毒,有毒
0,0,True,0.9654805812178013,0.034519418782198434,无毒,无毒
0,0,True,0.8986142572474756,0.10138574275252424,无毒,无毒
0,0,True,0.7834409612793336,0.21655903872066595,无毒,无毒
0,0,True,0.8036535945295407,0.19634640547045898,无毒,无毒
0,0,True,0.927080548004892,0.07291945199510763,无毒,无毒
0,0,True,0.9501102443873229,0.049889755612676966,无毒,无毒
0,0,True,0.9897858631140898,0.01021413688591011,无毒,无毒
0,0,True,0.9734608338198211,0.02653916618017855,无毒,无毒
0,0,True,0.7964568767870349,0.20354312321296444,无毒,无毒
0,0,True,0.746282318966814,0.2537176810331859,无毒,无毒
0,0,True,0.9581569647059909,0.0418430352940088,无毒,无毒
0,0,True,0.9888795579848622,0.011120442015137559,无毒,无毒
0,0,True,0.7740778474654506,0.2259221525345489,无毒,无毒
0,0,True,0.9136250756867055,0.08637492431329406,无毒,无毒
0,0,True,0.8486546340274406,0.15134536597255924,无毒,无毒
0,0,True,0.9899681150439299,0.010031884956069841,无毒,无毒
0,0,True,0.8878222593462054,0.11217774065379399,无毒,无毒
0,0,True,0.9835224346074828,0.016477565392516984,无毒,无毒
0,0,True,0.9363882544235058,0.06361174557649395,无毒,无毒
0,0,True,0.9817977683150994,0.018202231684900216,无毒,无毒
1,0,False,0.9065292711090365,0.09347072889096296,有毒,无毒
1,1,True,0.45580418667277844,0.5441958133272213,有毒,有毒
1,1,True,0.019311857574215323,0.9806881424257845,有毒,有毒
1,1,True,0.08203666633359441,0.9179633336664051,有毒,有毒
1,1,True,0.22637917629756893,0.7736208237024313,有毒,有毒
1,0,False,0.776638085244373,0.22336191475562653,有毒,无毒
1,1,True,0.022661781581164456,0.9773382184188355,有毒,有毒
1,0,False,0.8589289830091448,0.1410710169908545,有毒,无毒
1,0,False,0.7904249101647067,0.20957508983529288,有毒,无毒
1,0,False,0.6190775437180357,0.38092245628196436,有毒,无毒
1,1,True,0.060557969846671354,0.9394420301533285,有毒,有毒
1,0,False,0.6757842315209599,0.3242157684790397,有毒,无毒
1,1,True,0.39455487746835444,0.6054451225316452,有毒,有毒
1,1,True,0.37526575250544864,0.6247342474945511,有毒,有毒
1,1,True,0.08083292668542141,0.9191670733145786,有毒,有毒
1,1,True,0.3154666072472309,0.6845333927527694,有毒,有毒
1,0,False,0.8123150327574769,0.18768496724252312,有毒,无毒
1,1,True,0.07974403651233619,0.9202559634876637,有毒,有毒
1,0,False,0.769421745554709,0.23057825444529115,有毒,无毒
1,0,False,0.8345831489669026,0.16541685103309703,有毒,无毒
1,1,True,0.0998315900143886,0.9001684099856113,有毒,有毒
1,0,False,0.5469013799067802,0.45309862009321955,有毒,无毒
1,1,True,0.38816959603079626,0.6118304039692039,有毒,有毒
1,1,True,0.31624983338903195,0.6837501666109682,有毒,有毒
1,0,False,0.7143173760840433,0.2856826239159565,有毒,无毒
1,1,True,0.031053103858234957,0.9689468961417647,有毒,有毒
1,0,False,0.8021685545492638,0.19783144545073555,有毒,无毒
1,0,False,0.5141784388628704,0.4858215611371296,有毒,无毒
1,1,True,0.11666205575494448,0.8833379442450553,有毒,有毒
1,1,True,0.12034245416715743,0.8796575458328425,有毒,有毒
1,1,True,0.04874001587716463,0.9512599841228351,有毒,有毒
1,1,True,0.20013312502420505,0.799866874975795,有毒,有毒
1,1,True,0.22428084773485346,0.7757191522651464,有毒,有毒
1,0,False,0.7382675705931345,0.26173242940686464,有毒,无毒
1,1,True,0.050040869504803166,0.9499591304951965,有毒,有毒
1,1,True,0.047899440228280306,0.9521005597717198,有毒,有毒
1,1,True,0.05037577050562846,0.9496242294943714,有毒,有毒
1,1,True,0.29935239432395055,0.7006476056760497,有毒,有毒
1,0,False,0.7339355832468876,0.26606441675311177,有毒,无毒
1,1,True,0.45670597167860405,0.5432940283213961,有毒,有毒
1,0,False,0.8592972279758867,0.1407027720241133,有毒,无毒
1,1,True,0.3244760467732726,0.6755239532267274,有毒,有毒
1,1,True,0.09615863590593479,0.9038413640940651,有毒,有毒
1,1,True,0.4844437209598497,0.5155562790401504,有毒,有毒
1,0,False,0.7754994266408254,0.22450057335917442,有毒,无毒
1,1,True,0.10746665470702797,0.8925333452929722,有毒,有毒
0,0,True,0.7230547496734429,0.27694525032655687,无毒,无毒
0,0,True,0.8695682377947047,0.13043176220529476,无毒,无毒
0,1,False,0.3792286314681905,0.6207713685318095,无毒,有毒
0,0,True,0.9780615490796636,0.02193845092033593,无毒,无毒
0,0,True,0.7330609187649137,0.26693908123508564,无毒,无毒
0,0,True,0.9921587405850396,0.007841259414959995,无毒,无毒
0,0,True,0.8053948597229613,0.19460514027703824,无毒,无毒
0,0,True,0.9715468121301797,0.02845318786982011,无毒,无毒
0,0,True,0.635720732544938,0.36427926745506156,无毒,无毒
0,0,True,0.9375207840965075,0.06247921590349192,无毒,无毒
0,0,True,0.9295000439162163,0.07049995608378329,无毒,无毒
0,0,True,0.9881278443420767,0.011872155657923029,无毒,无毒
0,0,True,0.9841792010382815,0.01582079896171822,无毒,无毒
0,0,True,0.7940153847819269,0.2059846152180725,无毒,无毒
0,0,True,0.8018092727649888,0.19819072723501094,无毒,无毒
0,0,True,0.9817055679027518,0.018294432097248025,无毒,无毒
0,0,True,0.8950369076271063,0.10496309237289352,无毒,无毒
0,0,True,0.860243265144514,0.13975673485548581,无毒,无毒
0,0,True,0.980608497306466,0.019391502693533454,无毒,无毒
0,0,True,0.8945956022221832,0.10540439777781647,无毒,无毒
0,0,True,0.8505704144353707,0.14942958556462874,无毒,无毒
0,0,True,0.9470887446124556,0.05291125538754403,无毒,无毒
0,0,True,0.992695300761545,0.007304699238454991,无毒,无毒
0,0,True,0.8653573127487474,0.13464268725125222,无毒,无毒
0,0,True,0.8642205755021867,0.13577942449781266,无毒,无毒
0,0,True,0.9718481469648688,0.028151853035130854,无毒,无毒
0,0,True,0.982687428864821,0.017312571135178464,无毒,无毒
0,0,True,0.8357080847694093,0.1642919152305908,无毒,无毒
0,0,True,0.9198246361794041,0.08017536382059573,无毒,无毒
0,0,True,0.9535610819638896,0.04643891803611008,无毒,无毒
0,1,False,0.25499486702315804,0.7450051329768418,无毒,有毒
0,1,False,0.07657267970345628,0.9234273202965436,无毒,有毒
0,0,True,0.953948962951283,0.046051037048716735,无毒,无毒
0,0,True,0.9736548423861305,0.026345157613869158,无毒,无毒
0,0,True,0.7647377245362358,0.23526227546376346,无毒,无毒
0,0,True,0.8400481695253527,0.15995183047464695,无毒,无毒
0,0,True,0.8119445801093599,0.18805541989063962,无毒,无毒
0,0,True,0.8189700649329336,0.1810299350670661,无毒,无毒
0,0,True,0.983010339544407,0.01698966045559238,无毒,无毒
0,0,True,0.9913116702088298,0.008688329791169968,无毒,无毒
0,0,True,0.7932902272483092,0.20670977275169025,无毒,无毒
0,0,True,0.61554276155416,0.3844572384458398,无毒,无毒
0,0,True,0.8708724033870537,0.12912759661294623,无毒,无毒
0,0,True,0.908200981760872,0.09179901823912706,无毒,无毒
0,0,True,0.7677538431729125,0.23224615682708677,无毒,无毒
0,0,True,0.8988961628766429,0.10110383712335694,无毒,无毒
0,0,True,0.7704566210199074,0.22954337898009214,无毒,无毒
0,0,True,0.9086289846397148,0.0913710153602854,无毒,无毒
0,0,True,0.8594505337242799,0.1405494662757198,无毒,无毒
0,0,True,0.9509947718177676,0.0490052281822325,无毒,无毒
0,1,False,0.4319271312998742,0.5680728687001259,无毒,有毒
0,0,True,0.777519242712992,0.22248075728700795,无毒,无毒
0,0,True,0.8438525678647306,0.15614743213526924,无毒,无毒
0,0,True,0.944204523343307,0.0557954766566926,无毒,无毒
0,0,True,0.5475336474235799,0.45246635257642,无毒,无毒
0,0,True,0.9896069038134763,0.010393096186523532,无毒,无毒
0,0,True,0.5724855380689413,0.4275144619310584,无毒,无毒
0,0,True,0.8198122255239348,0.18018777447606496,无毒,无毒
0,0,True,0.7943140234354601,0.20568597656453974,无毒,无毒
0,0,True,0.6685205368312482,0.33147946316875143,无毒,无毒
0,0,True,0.7961890051082308,0.2038109948917687,无毒,无毒
0,0,True,0.9765778712277985,0.023422128772201057,无毒,无毒
0,0,True,0.9733447983703915,0.026655201629608306,无毒,无毒
0,0,True,0.8581013778005017,0.14189862219949792,无毒,无毒
0,0,True,0.8172470538316218,0.18275294616837778,无毒,无毒
0,0,True,0.578902259496585,0.42109774050341464,无毒,无毒
0,0,True,0.9075620648414617,0.09243793515853768,无毒,无毒
0,0,True,0.9029360771410642,0.09706392285893557,无毒,无毒
0,0,True,0.9337777501459361,0.06622224985406346,无毒,无毒
0,0,True,0.9639079522833882,0.036092047716611037,无毒,无毒
0,0,True,0.9108631895221051,0.08913681047789478,无毒,无毒
0,0,True,0.9694178334667424,0.030582166533257116,无毒,无毒
0,0,True,0.9718922738522968,0.02810772614770276,无毒,无毒
0,0,True,0.950166971818492,0.04983302818150761,无毒,无毒
0,1,False,0.3272940235437581,0.6727059764562421,无毒,有毒
0,0,True,0.9777179108976785,0.022282089102321597,无毒,无毒
0,0,True,0.8264042866714457,0.17359571332855367,无毒,无毒
0,0,True,0.8166556507468574,0.18334434925314258,无毒,无毒
0,0,True,0.8208836158111145,0.17911638418888515,无毒,无毒
0,0,True,0.9052175723756549,0.09478242762434505,无毒,无毒
0,0,True,0.9457593708126905,0.05424062918730903,无毒,无毒
0,0,True,0.9457006601894277,0.05429933981057194,无毒,无毒
0,0,True,0.9860254608730052,0.013974539126994291,无毒,无毒
0,0,True,0.7682073380574959,0.23179266194250409,无毒,无毒
0,0,True,0.9631697737173333,0.03683022628266603,无毒,无毒
0,1,False,0.2665066615443291,0.7334933384556708,无毒,有毒
0,0,True,0.9896158299213215,0.010384170078678567,无毒,无毒
0,0,True,0.8634392557407778,0.13656074425922235,无毒,无毒
0,0,True,0.7624743943697052,0.23752560563029446,无毒,无毒
0,0,True,0.865907018714411,0.13409298128558847,无毒,无毒
0,0,True,0.8721492348351454,0.12785076516485455,无毒,无毒
0,0,True,0.8067899262915335,0.19321007370846618,无毒,无毒
0,0,True,0.9762965037492171,0.023703496250782486,无毒,无毒
0,0,True,0.8476443530671877,0.1523556469328122,无毒,无毒
0,0,True,0.8975213972728353,0.10247860272716462,无毒,无毒
0,0,True,0.9850502266191722,0.014949773380827307,无毒,无毒
0,1,False,0.4592741274067169,0.540725872593283,无毒,有毒
0,0,True,0.876337701451775,0.12366229854822489,无毒,无毒
0,0,True,0.8524351654297884,0.14756483457021147,无毒,无毒
0,0,True,0.9651347531039352,0.0348652468960644,无毒,无毒
0,0,True,0.7797590824224454,0.22024091757755385,无毒,无毒
0,0,True,0.6490959426309026,0.3509040573690973,无毒,无毒
0,0,True,0.9784644024445973,0.021535597555402634,无毒,无毒
0,1,False,0.4272699853339499,0.57273001466605,无毒,有毒
0,1,False,0.3672572077528986,0.6327427922471012,无毒,有毒
0,0,True,0.7938118819051438,0.20618811809485588,无毒,无毒
0,0,True,0.9719511444119238,0.028048855588075704,无毒,无毒
0,0,True,0.8401219810096491,0.1598780189903503,无毒,无毒
0,0,True,0.8394230507198774,0.160576949280122,无毒,无毒
0,0,True,0.9169313129919544,0.08306868700804532,无毒,无毒
0,0,True,0.8473445821116925,0.15265541788830672,无毒,无毒
0,0,True,0.8397826239872471,0.16021737601275238,无毒,无毒
0,0,True,0.9394970971904687,0.060502902809530815,无毒,无毒
0,0,True,0.530987616722403,0.4690123832775969,无毒,无毒
0,0,True,0.8835712124457491,0.11642878755425051,无毒,无毒
0,1,False,0.4180651935502262,0.5819348064497738,无毒,有毒
0,0,True,0.9529917535826019,0.04700824641739792,无毒,无毒
0,0,True,0.9596489673903872,0.040351032609612016,无毒,无毒
0,0,True,0.9676773493592252,0.03232265064077439,无毒,无毒
0,0,True,0.7944984273729605,0.20550157262703891,无毒,无毒
0,0,True,0.9417835004781892,0.05821649952181019,无毒,无毒
0,0,True,0.9253586181044539,0.0746413818955458,无毒,无毒
0,0,True,0.977779920177514,0.02222007982248578,无毒,无毒
0,0,True,0.8990025168905669,0.10099748310943271,无毒,无毒
0,1,False,0.4320775680643925,0.5679224319356074,无毒,有毒
0,0,True,0.9725344899015016,0.027465510098497993,无毒,无毒
0,0,True,0.9153456069868072,0.08465439301319254,无毒,无毒
0,0,True,0.7841716426641794,0.21582835733581984,无毒,无毒
0,0,True,0.5391558653332037,0.46084413466679613,无毒,无毒
0,0,True,0.5174108693280428,0.4825891306719569,无毒,无毒
0,0,True,0.8118945283005978,0.18810547169940214,无毒,无毒
0,0,True,0.9878946512907405,0.012105348709258786,无毒,无毒
0,0,True,0.9208416350555385,0.07915836494446131,无毒,无毒
0,0,True,0.9677686005526432,0.032231399447356264,无毒,无毒
0,0,True,0.8551127315984455,0.1448872684015544,无毒,无毒
0,0,True,0.9711661426364568,0.028833857363542808,无毒,无毒
0,0,True,0.9880810404025522,0.01191895959744728,无毒,无毒
0,0,True,0.9555434985972121,0.04445650140278734,无毒,无毒
0,0,True,0.802356248846367,0.19764375115363259,无毒,无毒
0,0,True,0.9867003032546205,0.013299696745379137,无毒,无毒
0,0,True,0.8712410643694486,0.12875893563055113,无毒,无毒
0,0,True,0.9135847007179093,0.08641529928209052,无毒,无毒
0,0,True,0.9863308279190499,0.013669172080949947,无毒,无毒
0,0,True,0.8896855915309121,0.11031440846908776,无毒,无毒
0,0,True,0.9650265410107336,0.03497345898926624,无毒,无毒
0,0,True,0.9598479147476696,0.04015208525232986,无毒,无毒
0,0,True,0.9254757137102692,0.07452428628973064,无毒,无毒
0,1,False,0.04309329342093972,0.9569067065790601,无毒,有毒
0,0,True,0.8186796487548048,0.181320351245195,无毒,无毒
0,0,True,0.8684565781336804,0.13154342186631976,无毒,无毒
0,0,True,0.9012882090881164,0.09871179091188306,无毒,无毒
0,0,True,0.9667998431247533,0.0332001568752463,无毒,无毒
0,0,True,0.9341031492638996,0.06589685073609974,无毒,无毒
0,0,True,0.8632702738713814,0.13672972612861764,无毒,无毒
0,0,True,0.7978402579543277,0.202159742045672,无毒,无毒
0,0,True,0.7603632623390753,0.23963673766092403,无毒,无毒
0,0,True,0.8127405577983727,0.18725944220162705,无毒,无毒
0,0,True,0.8489355161031332,0.15106448389686636,无毒,无毒
0,0,True,0.9887547199663212,0.011245280033678182,无毒,无毒
0,0,True,0.85704534160854,0.14295465839146027,无毒,无毒
0,0,True,0.8301946972703068,0.16980530272969294,无毒,无毒
0,0,True,0.7787833352683063,0.2212166647316936,无毒,无毒
0,0,True,0.8820115670533554,0.11798843294664438,无毒,无毒
0,0,True,0.8605275486146247,0.13947245138537495,无毒,无毒
0,0,True,0.9918139874320179,0.008186012567981881,无毒,无毒
0,0,True,0.6794445050714336,0.32055549492856644,无毒,无毒
0,0,True,0.9412060750581854,0.058793924941814214,无毒,无毒
0,0,True,0.7928834357545028,0.20711656424549674,无毒,无毒
0,0,True,0.7967382843885821,0.20326171561141748,无毒,无毒
0,0,True,0.8489739474193193,0.15102605258068016,无毒,无毒
0,0,True,0.9175024078810828,0.08249759211891698,无毒,无毒
0,0,True,0.873797425941885,0.1262025740581148,无毒,无毒
0,1,False,0.4678287287087259,0.5321712712912741,无毒,有毒
0,0,True,0.7169628562417398,0.28303714375825995,无毒,无毒
0,0,True,0.9282973999435085,0.07170260005649146,无毒,无毒
0,0,True,0.7575380327411066,0.24246196725889288,无毒,无毒
0,0,True,0.8418954270923982,0.15810457290760163,无毒,无毒
0,0,True,0.8529273362535541,0.14707266374644554,无毒,无毒
0,0,True,0.9039130994963166,0.09608690050368293,无毒,无毒
0,0,True,0.9360521777159211,0.0639478222840783,无毒,无毒
0,0,True,0.8270499771446869,0.1729500228553127,无毒,无毒
0,0,True,0.9426973925861346,0.057302607413864844,无毒,无毒
0,0,True,0.760216729480688,0.23978327051931164,无毒,无毒
0,0,True,0.7628138346363535,0.2371861653636459,无毒,无毒
0,0,True,0.8976997883471586,0.10230021165284084,无毒,无毒
0,0,True,0.83583662720607,0.16416337279392973,无毒,无毒
0,1,False,0.2970361960028622,0.7029638039971374,无毒,有毒
0,0,True,0.9091434229346628,0.0908565770653373,无毒,无毒
0,0,True,0.8547020680712043,0.1452979319287951,无毒,无毒
0,0,True,0.8446602098056155,0.1553397901943843,无毒,无毒
0,0,True,0.9597786622891848,0.040221337710814896,无毒,无毒
0,0,True,0.749391718693277,0.25060828130672186,无毒,无毒
0,0,True,0.5811720244959844,0.41882797550401557,无毒,无毒
0,0,True,0.9107630910881251,0.0892369089118748,无毒,无毒
0,0,True,0.8492263672791346,0.15077363272086478,无毒,无毒
0,0,True,0.7989684043463232,0.20103159565367676,无毒,无毒
0,0,True,0.8311317001388874,0.16886829986111276,无毒,无毒
0,1,False,0.41460584886880086,0.5853941511311993,无毒,有毒
0,1,False,0.13144994878826935,0.8685500512117307,无毒,有毒
0,0,True,0.7309172932239048,0.26908270677609475,无毒,无毒
0,0,True,0.8268087665556841,0.17319123344431545,无毒,无毒
0,0,True,0.9881705309620368,0.011829469037962906,无毒,无毒
0,0,True,0.9187333151899266,0.08126668481007288,无毒,无毒
0,0,True,0.989625873328402,0.0103741266715977,无毒,无毒
0,0,True,0.8788041411421851,0.12119585885781473,无毒,无毒
0,0,True,0.8457819624108915,0.1542180375891083,无毒,无毒
0,0,True,0.808862679938317,0.19113732006168227,无毒,无毒
0,0,True,0.8115323768063298,0.18846762319367,无毒,无毒
0,0,True,0.9871850090735202,0.012814990926479437,无毒,无毒
0,0,True,0.7833862083478074,0.21661379165219224,无毒,无毒
0,0,True,0.8360746264546556,0.1639253735453437,无毒,无毒
0,0,True,0.7568887324151089,0.24311126758489032,无毒,无毒
0,0,True,0.6929848276752061,0.30701517232479353,无毒,无毒
0,0,True,0.7278425134580854,0.27215748654191435,无毒,无毒
0,0,True,0.9387088893643081,0.06129111063569182,无毒,无毒
0,0,True,0.5976746365591699,0.40232536344083014,无毒,无毒
0,0,True,0.5586025436086343,0.4413974563913657,无毒,无毒
0,0,True,0.958297804837067,0.04170219516293285,无毒,无毒
0,0,True,0.7353822887150341,0.26461771128496553,无毒,无毒
0,0,True,0.868341138621428,0.13165886137857163,无毒,无毒
0,0,True,0.8985668030140505,0.10143319698594913,无毒,无毒
0,0,True,0.7364672648194376,0.263532735180562,无毒,无毒
0,0,True,0.823472010085786,0.17652798991421334,无毒,无毒
0,0,True,0.7797596210909051,0.2202403789090942,无毒,无毒
0,0,True,0.8405587640135833,0.15944123598641602,无毒,无毒
0,0,True,0.9875901201684693,0.012409879831530142,无毒,无毒
0,0,True,0.9782816745528803,0.02171832544711945,无毒,无毒
0,0,True,0.9851823281133898,0.014817671886610137,无毒,无毒
0,0,True,0.689203294456266,0.31079670554373356,无毒,无毒
0,0,True,0.907006681008756,0.09299331899124365,无毒,无毒
0,0,True,0.676833430481341,0.3231665695186588,无毒,无毒
0,0,True,0.6128369651653932,0.38716303483460635,无毒,无毒
0,0,True,0.9467208735137106,0.05327912648628866,无毒,无毒
0,0,True,0.8087563065830508,0.19124369341694883,无毒,无毒
0,0,True,0.9243177807244243,0.07568221927557517,无毒,无毒
0,0,True,0.6916815131434088,0.30831848685659097,无毒,无毒
0,0,True,0.8096325897571051,0.19036741024289516,无毒,无毒
0,0,True,0.869615511674792,0.13038448832520774,无毒,无毒
0,0,True,0.9741189448244247,0.025881055175574645,无毒,无毒
0,1,False,0.09114506427331062,0.9088549357266892,无毒,有毒
0,0,True,0.987204759923099,0.012795240076900678,无毒,无毒
0,0,True,0.8942155224418872,0.10578447755811263,无毒,无毒
0,0,True,0.8804523281986504,0.1195476718013495,无毒,无毒
0,1,False,0.43001421672408713,0.5699857832759131,无毒,有毒
0,0,True,0.8982437137774426,0.10175628622255722,无毒,无毒
0,0,True,0.5831708852781743,0.41682911472182554,无毒,无毒
0,0,True,0.9839984218848973,0.01600157811510247,无毒,无毒
0,0,True,0.8130223575972804,0.18697764240271916,无毒,无毒
0,0,True,0.9877109515210885,0.012289048478911258,无毒,无毒
0,0,True,0.6440085270475909,0.3559914729524087,无毒,无毒
0,0,True,0.86063613168299,0.1393638683170096,无毒,无毒
0,0,True,0.7522062357743144,0.2477937642256849,无毒,无毒
0,0,True,0.8174252094468359,0.1825747905531638,无毒,无毒
0,0,True,0.8484577526869461,0.15154224731305335,无毒,无毒
0,1,False,0.057964763054002756,0.9420352369459972,无毒,有毒
0,0,True,0.8712706758464204,0.12872932415357968,无毒,无毒
0,0,True,0.9625618530506543,0.03743814694934566,无毒,无毒
0,0,True,0.8850375125386293,0.11496248746137006,无毒,无毒
0,0,True,0.9101330776925348,0.08986692230746485,无毒,无毒
0,0,True,0.7783920023124712,0.22160799768752834,无毒,无毒
0,0,True,0.922879727642969,0.07712027235703055,无毒,无毒
0,0,True,0.9152388849814045,0.08476111501859517,无毒,无毒
0,0,True,0.6394926863325152,0.3605073136674845,无毒,无毒
0,0,True,0.8694554747358336,0.13054452526416618,无毒,无毒
0,0,True,0.9857983662870273,0.014201633712972308,无毒,无毒
0,0,True,0.6215394648026266,0.37846053519737327,无毒,无毒
0,0,True,0.742103109646616,0.25789689035338326,无毒,无毒
0,0,True,0.9547721808396953,0.04522781916030449,无毒,无毒
0,0,True,0.750190601733479,0.24980939826652038,无毒,无毒
0,0,True,0.8491871699185113,0.1508128300814885,无毒,无毒
0,0,True,0.9915060225727577,0.008493977427242233,无毒,无毒
0,0,True,0.82714041772519,0.17285958227480996,无毒,无毒
0,0,True,0.9708649059097756,0.029135094090224425,无毒,无毒
0,0,True,0.8185078152714014,0.18149218472859804,无毒,无毒
0,0,True,0.9903519682329238,0.009648031767075712,无毒,无毒
0,0,True,0.6487769673580834,0.35122303264191657,无毒,无毒
0,0,True,0.8860444729766269,0.11395552702337293,无毒,无毒
0,0,True,0.75738843581595,0.24261156418405,无毒,无毒
0,0,True,0.6727740472237742,0.3272259527762255,无毒,无毒
0,0,True,0.809730616880531,0.19026938311946817,无毒,无毒
0,0,True,0.9542017320480944,0.04579826795190517,无毒,无毒
0,0,True,0.9620664463479365,0.037933553652063266,无毒,无毒
0,0,True,0.7368739320796662,0.2631260679203331,无毒,无毒
0,0,True,0.8334220726770293,0.1665779273229705,无毒,无毒
0,0,True,0.9132554938331657,0.08674450616683435,无毒,无毒
0,0,True,0.9742056795061306,0.02579432049386881,无毒,无毒
0,0,True,0.968285875099206,0.03171412490079347,无毒,无毒
0,0,True,0.787252817444142,0.21274718255585756,无毒,无毒
0,0,True,0.9891582090232967,0.010841790976703007,无毒,无毒
0,0,True,0.6970846628599626,0.3029153371400366,无毒,无毒
0,0,True,0.8278700076571289,0.1721299923428705,无毒,无毒
0,0,True,0.8912366908749153,0.10876330912508428,无毒,无毒
0,0,True,0.8575589633242999,0.1424410366756994,无毒,无毒
0,0,True,0.9181147843166328,0.08188521568336644,无毒,无毒
0,0,True,0.9149089330131943,0.08509106698680541,无毒,无毒
0,0,True,0.7266343568936249,0.2733656431063747,无毒,无毒
0,0,True,0.9390460250867863,0.06095397491321327,无毒,无毒
0,0,True,0.7420689975462978,0.2579310024537018,无毒,无毒
0,0,True,0.8450955299724922,0.15490447002750737,无毒,无毒
0,0,True,0.5042144460953416,0.4957855539046583,无毒,无毒
0,0,True,0.8026056048239861,0.19739439517601334,无毒,无毒
0,0,True,0.7967687567560917,0.20323124324390793,无毒,无毒
0,0,True,0.8353558676782314,0.16464413232176786,无毒,无毒
0,0,True,0.8803090322845811,0.1196909677154187,无毒,无毒
0,0,True,0.8179161803834082,0.18208381961659145,无毒,无毒
0,0,True,0.625520869400446,0.37447913059955407,无毒,无毒
0,0,True,0.979409321050549,0.020590678949450766,无毒,无毒
0,0,True,0.9356978122057522,0.0643021877942473,无毒,无毒
0,0,True,0.7637449075362237,0.23625509246377585,无毒,无毒
0,0,True,0.8580567722232053,0.14194322777679472,无毒,无毒
0,0,True,0.7820385689023672,0.21796143109763239,无毒,无毒
0,0,True,0.9906682525199301,0.009331747480069706,无毒,无毒
0,0,True,0.9424537748355755,0.05754622516442387,无毒,无毒
0,0,True,0.9910731552580979,0.008926844741901497,无毒,无毒
0,0,True,0.6341488711956678,0.36585112880433185,无毒,无毒
0,0,True,0.86314102932791,0.13685897067208935,无毒,无毒
0,0,True,0.9193472059155694,0.08065279408443043,无毒,无毒
0,0,True,0.9818214368276338,0.018178563172366168,无毒,无毒
0,0,True,0.8603214218746785,0.1396785781253213,无毒,无毒
0,0,True,0.8516420742786305,0.1483579257213691,无毒,无毒
0,0,True,0.7821338170424638,0.21786618295753615,无毒,无毒
0,0,True,0.7323479930924012,0.26765200690759816,无毒,无毒
0,1,False,0.37154753923346234,0.6284524607665376,无毒,有毒
0,0,True,0.9592339569266692,0.0407660430733305,无毒,无毒
0,0,True,0.9360314398606161,0.06396856013938339,无毒,无毒
0,0,True,0.9833193485369889,0.016680651463010777,无毒,无毒
0,0,True,0.8720836521038592,0.12791634789614018,无毒,无毒
0,0,True,0.7804956440352844,0.21950435596471543,无毒,无毒
0,0,True,0.9724949192226604,0.02750508077733912,无毒,无毒
0,0,True,0.9605433763480299,0.03945662365196954,无毒,无毒
0,0,True,0.7098647694080686,0.29013523059193086,无毒,无毒
0,0,True,0.8291905372379972,0.1708094627620023,无毒,无毒
0,0,True,0.7367499869041789,0.26325001309582113,无毒,无毒
0,0,True,0.8380756655795844,0.16192433442041523,无毒,无毒
0,0,True,0.8279137969656596,0.17208620303434008,无毒,无毒
0,0,True,0.9846657830064396,0.015334216993560199,无毒,无毒
0,0,True,0.7667720104900284,0.23322798950997126,无毒,无毒
0,0,True,0.7283206932528082,0.27167930674719143,无毒,无毒
0,0,True,0.8044956785708809,0.19550432142911867,无毒,无毒
0,0,True,0.8740159041365229,0.12598409586347692,无毒,无毒
0,0,True,0.9708829059718329,0.02911709402816695,无毒,无毒
0,0,True,0.6717824236629467,0.32821757633705295,无毒,无毒
0,0,True,0.9615492792139113,0.038450720786087994,无毒,无毒
0,0,True,0.6436961915082349,0.35630380849176474,无毒,无毒
0,0,True,0.7955180998448235,0.20448190015517656,无毒,无毒
0,0,True,0.7714946995141341,0.22850530048586493,无毒,无毒
0,0,True,0.8793777671018175,0.12062223289818248,无毒,无毒
0,0,True,0.9211248097491613,0.07887519025083836,无毒,无毒
0,1,False,0.3276435296001176,0.6723564703998823,无毒,有毒
0,0,True,0.9631952237124036,0.036804776287595875,无毒,无毒
0,0,True,0.8393972939851174,0.1606027060148822,无毒,无毒
0,0,True,0.7795175052125234,0.2204824947874764,无毒,无毒
0,0,True,0.9271774586819731,0.07282254131802673,无毒,无毒
0,0,True,0.8646283131104822,0.1353716868895174,无毒,无毒
0,0,True,0.892544924940625,0.10745507505937449,无毒,无毒
0,0,True,0.7282929373827571,0.2717070626172421,无毒,无毒
0,0,True,0.8586567177534454,0.14134328224655424,无毒,无毒
0,0,True,0.9068831844693307,0.09311681553066879,无毒,无毒
0,0,True,0.8423160702251932,0.15768392977480677,无毒,无毒
0,0,True,0.8734301372657104,0.12656986273428925,无毒,无毒
0,0,True,0.7690514790354187,0.2309485209645808,无毒,无毒
0,0,True,0.9544481285918578,0.04555187140814195,无毒,无毒
0,0,True,0.9682998151056199,0.03170018489437985,无毒,无毒
0,0,True,0.8760321579366461,0.12396784206335337,无毒,无毒
0,0,True,0.6909806231948901,0.3090193768051099,无毒,无毒
0,0,True,0.9411269250343188,0.058873074965680464,无毒,无毒
0,0,True,0.738340534232316,0.2616594657676834,无毒,无毒
0,0,True,0.769394455656231,0.2306055443437683,无毒,无毒
0,0,True,0.986323339549118,0.01367666045088164,无毒,无毒
0,0,True,0.8543307325306244,0.14566926746937459,无毒,无毒
0,0,True,0.8149440563182087,0.18505594368179057,无毒,无毒
0,0,True,0.8720163683078331,0.1279836316921665,无毒,无毒
0,0,True,0.8170771538505894,0.1829228461494098,无毒,无毒
0,0,True,0.9687163784752562,0.031283621524743316,无毒,无毒
0,0,True,0.7997943616040927,0.20020563839590683,无毒,无毒
0,0,True,0.9667460773911992,0.03325392260880052,无毒,无毒
0,1,False,0.40952423613338973,0.5904757638666103,无毒,有毒
0,0,True,0.747781698140916,0.25221830185908334,无毒,无毒
0,0,True,0.7441241685701057,0.2558758314298939,无毒,无毒
0,0,True,0.7524379105880965,0.24756208941190302,无毒,无毒
0,0,True,0.8815786849645965,0.11842131503540304,无毒,无毒
0,1,False,0.3127488978463936,0.6872511021536064,无毒,有毒
0,0,True,0.9366241504987782,0.06337584950122183,无毒,无毒
0,0,True,0.8390562833022078,0.16094371669779187,无毒,无毒
0,0,True,0.9266449463172234,0.07335505368277664,无毒,无毒
0,0,True,0.8860257131097053,0.11397428689029483,无毒,无毒
0,0,True,0.595843866142928,0.4041561338570718,无毒,无毒
0,0,True,0.9436208035531576,0.056379196446842215,无毒,无毒
0,0,True,0.981698328496765,0.018301671503234685,无毒,无毒
0,0,True,0.8601244863328378,0.13987551366716186,无毒,无毒
0,0,True,0.7331515450640457,0.2668484549359539,无毒,无毒
0,0,True,0.7534723680676386,0.24652763193236077,无毒,无毒
0,0,True,0.9565656830337912,0.043434316966208295,无毒,无毒
0,0,True,0.659585859856356,0.3404141401436439,无毒,无毒
0,0,True,0.8721121628517038,0.12788783714829588,无毒,无毒
0,0,True,0.6960586026486435,0.30394139735135606,无毒,无毒
0,0,True,0.98856685327643,0.011433146723569782,无毒,无毒
0,0,True,0.9155840463200299,0.08441595367997018,无毒,无毒
0,0,True,0.8329259770272764,0.1670740229727227,无毒,无毒
0,0,True,0.9896968966166166,0.010303103383383192,无毒,无毒
0,0,True,0.8293769621034919,0.1706230378965079,无毒,无毒
0,1,False,0.06034856736562256,0.9396514326343776,无毒,有毒
0,0,True,0.9557602559456909,0.04423974405430898,无毒,无毒
0,0,True,0.8445640031662566,0.15543599683374304,无毒,无毒
0,0,True,0.7852826565700104,0.21471734342998886,无毒,无毒
0,0,True,0.9842994676554635,0.015700532344536226,无毒,无毒
0,0,True,0.8122948386549937,0.18770516134500553,无毒,无毒
0,0,True,0.7861678778996251,0.21383212210037444,无毒,无毒
0,0,True,0.8625583948887793,0.13744160511122028,无毒,无毒
0,0,True,0.7485027963336409,0.25149720366635875,无毒,无毒
0,0,True,0.7685623585330944,0.23143764146690532,无毒,无毒
0,0,True,0.8650763701300412,0.1349236298699585,无毒,无毒
0,0,True,0.8006794084243295,0.19932059157566978,无毒,无毒
0,0,True,0.807502887541077,0.19249711245892315,无毒,无毒
0,0,True,0.8431169323289958,0.15688306767100402,无毒,无毒
0,0,True,0.7413305988081987,0.2586694011918005,无毒,无毒
0,0,True,0.9534858589012479,0.04651414109875164,无毒,无毒
0,0,True,0.819640988570994,0.18035901142900532,无毒,无毒
0,1,False,0.19425513858060153,0.8057448614193983,无毒,有毒
0,1,False,0.14799105193649256,0.8520089480635079,无毒,有毒
0,0,True,0.768548085810921,0.23145191418907848,无毒,无毒
0,0,True,0.9810266778211069,0.018973322178892967,无毒,无毒
0,0,True,0.8557523710359682,0.14424762896403154,无毒,无毒
0,0,True,0.9625581553265187,0.037441844673480766,无毒,无毒
0,1,False,0.38784830241041973,0.6121516975895805,无毒,有毒
0,0,True,0.9093218115883213,0.09067818841167855,无毒,无毒
0,0,True,0.9374635036610328,0.0625364963389666,无毒,无毒
0,0,True,0.951710999308335,0.04828900069166456,无毒,无毒
0,0,True,0.9441605144828792,0.05583948551712039,无毒,无毒
0,0,True,0.9599857446872234,0.04001425531277634,无毒,无毒
0,0,True,0.9692642278510022,0.030735772148997524,无毒,无毒
0,0,True,0.9459291607299692,0.054070839270030466,无毒,无毒
0,0,True,0.9884854710309448,0.011514528969054924,无毒,无毒
0,0,True,0.7964960821975421,0.20350391780245705,无毒,无毒
0,0,True,0.9492695922207564,0.050730407779243404,无毒,无毒
0,0,True,0.9822985188727026,0.017701481127296973,无毒,无毒
0,0,True,0.8348833397343945,0.1651166602656047,无毒,无毒
0,0,True,0.7505986169687447,0.24940138303125514,无毒,无毒
0,0,True,0.9233901913079042,0.07660980869209513,无毒,无毒
0,0,True,0.9751884107871769,0.024811589212822956,无毒,无毒
0,0,True,0.6761312298325176,0.3238687701674822,无毒,无毒
0,0,True,0.8737912280709559,0.12620877192904387,无毒,无毒
0,0,True,0.8768216876086221,0.12317831239137739,无毒,无毒
0,0,True,0.8475079845705602,0.15249201542943935,无毒,无毒
0,0,True,0.9383502118708038,0.06164978812919593,无毒,无毒
0,0,True,0.8107556260833835,0.18924437391661617,无毒,无毒
0,0,True,0.8089140851774477,0.1910859148225522,无毒,无毒
0,0,True,0.8353638175349312,0.1646361824650687,无毒,无毒
0,0,True,0.8012370879775412,0.19876291202245838,无毒,无毒
0,0,True,0.9722872050638266,0.027712794936173134,无毒,无毒
0,0,True,0.8297827717379672,0.17021722826203212,无毒,无毒
0,0,True,0.9761864668266521,0.023813533173347272,无毒,无毒
0,0,True,0.9013713495334508,0.0986286504665486,无毒,无毒
0,0,True,0.9459272106153297,0.054072789384669875,无毒,无毒
0,0,True,0.959884438509206,0.040115561490793664,无毒,无毒
0,0,True,0.9473580025169364,0.05264199748306358,无毒,无毒
0,0,True,0.8177225527840207,0.18227744721597947,无毒,无毒
0,0,True,0.8074790153785937,0.19252098462140568,无毒,无毒
0,0,True,0.9435745825736777,0.0564254174263219,无毒,无毒
0,1,False,0.3665711567278304,0.6334288432721696,无毒,有毒
0,0,True,0.817406956083492,0.18259304391650713,无毒,无毒
0,1,False,0.4996539965312687,0.500346003468731,无毒,有毒
0,0,True,0.9726462808317673,0.027353719168232392,无毒,无毒
0,0,True,0.8125210399050751,0.18747896009492437,无毒,无毒
0,0,True,0.7933433493437627,0.20665665065623667,无毒,无毒
0,0,True,0.7725979307649411,0.22740206923505865,无毒,无毒
0,0,True,0.9325107812931342,0.06748921870686554,无毒,无毒
0,0,True,0.6620551434563298,0.33794485654367007,无毒,无毒
0,0,True,0.8692101299939062,0.1307898700060934,无毒,无毒
0,0,True,0.9483346423135735,0.05166535768642613,无毒,无毒
0,0,True,0.8465000220257284,0.15349997797427084,无毒,无毒
0,0,True,0.6054850216150851,0.39451497838491484,无毒,无毒
0,0,True,0.9668194904479644,0.03318050955203509,无毒,无毒
0,0,True,0.8453679903093584,0.15463200969064114,无毒,无毒
0,0,True,0.9903142354352586,0.009685764564740941,无毒,无毒
0,0,True,0.9529924136062131,0.04700758639378627,无毒,无毒
0,0,True,0.9294203255067391,0.07057967449326047,无毒,无毒
0,0,True,0.8447109118086353,0.1552890881913642,无毒,无毒
0,0,True,0.7427385481888276,0.2572614518111718,无毒,无毒
0,0,True,0.9516153029592012,0.048384697040798265,无毒,无毒
0,0,True,0.9746687760896632,0.025331223910336285,无毒,无毒
0,0,True,0.81101898084908,0.18898101915091947,无毒,无毒
0,0,True,0.897570239758149,0.10242976024185065,无毒,无毒
0,0,True,0.834517122732527,0.16548287726747296,无毒,无毒
0,0,True,0.9691281260452631,0.030871873954736603,无毒,无毒
0,0,True,0.9510305550450775,0.04896944495492183,无毒,无毒
0,0,True,0.8058146288463774,0.19418537115362208,无毒,无毒
0,0,True,0.9452162016687129,0.05478379833128651,无毒,无毒
0,0,True,0.7618820226234841,0.23811797737651536,无毒,无毒
0,0,True,0.9374251993623046,0.0625748006376948,无毒,无毒
0,0,True,0.8480620407912283,0.15193795920877126,无毒,无毒
0,0,True,0.951602329413036,0.048397670586963815,无毒,无毒
0,0,True,0.8613257510374086,0.13867424896259084,无毒,无毒
0,0,True,0.9389688642260303,0.06103113577396942,无毒,无毒
0,0,True,0.8844506216670166,0.11554937833298352,无毒,无毒
0,0,True,0.7942934027369529,0.20570659726304677,无毒,无毒
0,0,True,0.8001778176490717,0.19982218235092788,无毒,无毒
0,0,True,0.8017149893464466,0.1982850106535531,无毒,无毒
0,0,True,0.896369614078436,0.1036303859215634,无毒,无毒
0,0,True,0.9006359791423099,0.0993640208576895,无毒,无毒
0,0,True,0.9894453498880382,0.010554650111961114,无毒,无毒
0,0,True,0.9896928904353508,0.010307109564648856,无毒,无毒
0,0,True,0.9750839978475416,0.024916002152458164,无毒,无毒
0,0,True,0.9809165190329994,0.019083480967000462,无毒,无毒
0,0,True,0.9855392457194965,0.01446075428050296,无毒,无毒
0,1,False,0.41111740288598786,0.5888825971140123,无毒,有毒
0,0,True,0.7601924242770266,0.2398075757229731,无毒,无毒
0,0,True,0.627876164147964,0.37212383585203557,无毒,无毒
0,0,True,0.8586592375145315,0.14134076248546806,无毒,无毒
0,0,True,0.9890439269880682,0.010956073011931477,无毒,无毒
0,0,True,0.9728772022493508,0.0271227977506486,无毒,无毒
0,0,True,0.9292658068193828,0.07073419318061654,无毒,无毒
0,0,True,0.7180351879986798,0.2819648120013199,无毒,无毒
0,0,True,0.9881709344192693,0.011829065580730231,无毒,无毒
0,0,True,0.9827335928164551,0.017266407183544594,无毒,无毒
0,0,True,0.9604793922822056,0.03952060771779401,无毒,无毒
0,0,True,0.8191765353945769,0.1808234646054231,无毒,无毒
0,1,False,0.24773204965370535,0.7522679503462948,无毒,有毒
0,0,True,0.9155684918740615,0.08443150812593793,无毒,无毒
0,0,True,0.9506279410774487,0.04937205892255074,无毒,无毒
0,0,True,0.9252242137988472,0.07477578620115247,无毒,无毒
0,0,True,0.9130159298050041,0.08698407019499572,无毒,无毒
0,1,False,0.49095509627262,0.50904490372738,无毒,有毒
0,0,True,0.9654805812178013,0.034519418782198434,无毒,无毒
0,0,True,0.8986142572474756,0.10138574275252424,无毒,无毒
0,0,True,0.7834409612793336,0.21655903872066595,无毒,无毒
0,0,True,0.8036535945295407,0.19634640547045898,无毒,无毒
0,0,True,0.927080548004892,0.07291945199510763,无毒,无毒
0,0,True,0.9501102443873229,0.049889755612676966,无毒,无毒
0,0,True,0.9897858631140898,0.01021413688591011,无毒,无毒
0,0,True,0.7964568767870349,0.20354312321296444,无毒,无毒
0,0,True,0.746282318966814,0.2537176810331859,无毒,无毒
0,0,True,0.9888795579848622,0.011120442015137559,无毒,无毒
0,0,True,0.7740778474654506,0.2259221525345489,无毒,无毒
0,0,True,0.9136250756867055,0.08637492431329406,无毒,无毒
0,0,True,0.9363882544235058,0.06361174557649395,无毒,无毒
